path,size,git_sha1,sha256,source_url,note,url_provenance
2020/202005/22dekh.com (Netflix.zip)/Netflix.zip,2044680,106ba4fd5c09d27334b757989fe4a09b871ace62,9af50f051ccf2ad101bbd322168efed8a2645091f317cff9534fc3c755af8a67,https://22dekh.com/Netflix.zip,,inferred
2020/202005/allaccountsseller.com (bankofamerica.zip)/bankofamerica.zip,1161852,49e5265f5a78e6d901185cee60aafec55ad29da1,9273c8a5b8a035d1b15d048a5466220aedc0b95b1f177bc1c6c429e76ab2691e,https://allaccountsseller.com/wp-admin/bankofamerica.zip,,inferred
2020/202005/applepaymentpartner.com (paypal.zip)/paypal.zip,39830,1132e2597374ea97c6d70caa9d66687744cf488f,ab9da5ad99f7281a55e793660988e9ae823478be953535e322e6ef6f2c53771c,http://applepaymentpartner.com/en-ca/paypal.zip,not-an-archive,inferred
2020/202005/bb.babycarloz.com (XaouFi-V5-cleaned%20(1).zip)/XaouFi-V5-cleaned%20(1).zip,838251,b5b4a07d8252fc0379f67ae983b8ff8b8bcad35d,8d67e3cffe188124c20943ba50115324d13c38239ccb25045fddb704d03be80f,https://bb.babycarloz.com/paypal/XaouFi-V5-cleaned%20(1).zip,,inferred
2020/202005/blackinfinite.catalogoderecompensas.com.br (itau.zip)/itau.zip,2359,e3a6aebdcc2a830deb9985c302f58966b2093f46,b8229cf4be50be3e8929e94eb5b44e8663b47164397afc32feee18bbf61f043a,https://blackinfinite.catalogoderecompensas.com.br/itau.zip,not-an-archive,inferred
2020/202005/crelletively.tk (wp-db.zip)/wp-db.zip,49084,15339e43e9f718fb0f1957de5026170e0028762d,c0fd8ce416b99c999becfd25126f69ab1b7570f8f090a54f224cd0a8f20b9eb8,http://crelletively.tk/dropbox/wp-db.zip,,inferred
2020/202005/crowaway.com (info.zip)/info.zip,3931700,30586f2ed80db88768a26fe43711ddc583125f10,a3da64c620227cda8f292b87a9603e150e986fc78d137beebb508e3dc9262106,http://crowaway.com/amazon/info.zip,,inferred
2020/202005/fes-romania.org (domain.zip)/domain.zip,170971,d35b7f54c98fd7ad521b23039aaf031bbbe9362b,115db8aca116f8ac5cd6c15272d1e705de6110866ec666dd2c9c9c67eb803621,https://fes-romania.org/domain.zip,,inferred
2020/202005/girlsgettinggoals.com (latest-onedrive.zip)/latest-onedrive.zip,706304,6753d0cb8e71bf01380bcc9cffd4dbb04931a69e,166804da8920d90e5dc23f7bd803f8ba4331d7449b9f3468f8168b4fd323da2b,http://girlsgettinggoals.com/abc/latest-onedrive.zip,,inferred
2020/202005/gogeohealth.net (office365.zip)/office365.zip,1418915,bf4f2a98e80448c12eee3fdceb59c2d2fdd97418,7baf2bf62d9d3bd68f66f5f56b27b59cb7982365e419f10d216aacb2c7d7ef61,http://gogeohealth.net/LOGIN/office365.zip,,inferred
2020/202005/grandhighwayresort.com (nnnn.zip)/nnnn.zip,2665947,a1a55c8c38c07ece0cb0cfbe6d3c6bd73bc381fc,171b440a032833619bbc15b38fb82687217bd6f3095723ce96407dd7f5656c69,https://grandhighwayresort.com/phts/nnnn.zip,,inferred
2020/202005/igisubizo.com (0000DRB.zip)/0000DRB.zip,149793,bee59fac053ffaca0554f11e9790a5226d052b89,e8ac84bf503e8616b0d26652965ff6b4c8f2b3d3a0ed5d232e75f7aa6aaa98bc,http://igisubizo.com/victor11/0000DRB.zip,,inferred
2020/202005/m-instagramcopyright.com (confirm.zip)/confirm.zip,54047,c15cc8e3a236bea0f53d43ca64996e8a59bf688e,0531d6c9e6dd84bd6392f4c51e90d25766166a8b695618bfbc47bb908b993a7c,https://m-instagramcopyright.com/confirm.zip,,inferred
2020/202005/marturiinuntabotez.ro (domain.zip)/domain.zip,170971,d35b7f54c98fd7ad521b23039aaf031bbbe9362b,115db8aca116f8ac5cd6c15272d1e705de6110866ec666dd2c9c9c67eb803621,http://marturiinuntabotez.ro/domain.zip,,inferred
2020/202005/miseguro10.com (outlook.office.zip)/outlook.office.zip,705840,d13331f0a3c90cf2dac8d0f9a6283f19ec0cac23,eb90ef1d761781a451714bbccee4286c410d8ee3a8bf9eac882fa2310ad1ae1b,http://miseguro10.com/wp-includes/outlook.office.zip,,inferred
2020/202005/mitrasolusiseragam.com (wells-fargo-security-update.zip)/wells-fargo-security-update.zip,2391876,1c35049e049e4c812328eed3c01ab48f23dea9a3,b00f6ad8fb1d906ddd9252c25e586040e737f38431331e176973008313dc4c64,https://mitrasolusiseragam.com/wellsfargo.com-update/wells-fargo-security-update.zip,,inferred
2020/202005/mu.weedwood.live (hhotmail.zip)/hhotmail.zip,352992,b2206b0fce885a725a5b5cfa096271e126b3ac38,8356d35efcdfab6896977d42e5a88715058c3b15ac81f870167735c1fefdc847,https://mu.weedwood.live/xan/hhotmail.zip,,inferred
2020/202005/physics.uctm.edu (credit-agricole.fr.zip)/credit-agricole.fr.zip,422337,82fa349a9574d281b61c77f2f35208306dca5484,b490eed863a32d6aaf2fdb5861f478e74173ee9ef579e0ffad71890a98885174,http://physics.uctm.edu/iconmo5/sites/default/files/credit-agricole.fr.zip,,inferred
2020/202005/platinum.catalogoderecompensas.com.br (itau.zip)/itau.zip,2359,e3a6aebdcc2a830deb9985c302f58966b2093f46,b8229cf4be50be3e8929e94eb5b44e8663b47164397afc32feee18bbf61f043a,https://platinum.catalogoderecompensas.com.br/itau.zip,not-an-archive,inferred
2020/202005/rotem.pixelnode.com (Office365.zip)/Office365.zip,926875,554f1b0ead7811dbba3c02cf5a854ca7340f7101,1c7739c843d9f27d508e02fd4752e372af27ef8280b28074193a7f986d6fbc53,http://rotem.pixelnode.com/todaytoday/Office365.zip,,inferred
2020/202005/seoulcityphil.org (dropbox.zip)/dropbox.zip,85122,c092535177befebd85a647b6fadff47226024f96,ead5004c690a19aecaa36b02b530a6b5b80ff5aa2fac4d1c43e6d8887f9c32df,http://seoulcityphil.org/bbs/admin/dropbox.zip,,inferred
2020/202005/softainment.com.ve (dropbo.zip)/dropbo.zip,5151223,536495b41bf37a1ca8419fffd32e3371a60d78ea,f2a37f95ab59ac804c1d6c0529f401249c75d11c793fec40a9f4659bab155a14,https://softainment.com.ve/dropbox/dropbo.zip,,inferred
2020/202005/sriadinathcreations.com (Microsoft.zip)/Microsoft.zip,805187,6f2f4d7fb605f16b24e3873a594cf42d6b70fc6a,3208644f11a392081ceb1d41431a349426b86e6fdd358242da69d50e99b28e5f,http://sriadinathcreations.com/tro/Microsoft.zip,,inferred
2020/202005/supersalesandbargains.com.au (office365.zip)/office365.zip,819151,56f84ba5ba7d96fcdb22777a98141de2c9578373,5fe21f68af4a283b6bc5a7048fc54c18fd232b9744742eee619501be9dce7b2a,http://supersalesandbargains.com.au/wp-admin/js/widgets/office365.zip,,inferred
2020/202005/topekalodging.org (err1.zip)/err1.zip,112197,f30a5266a5e27e1675c532f5152313d533dd3816,56f912b140ad5f13fabd7d21435b87c19c01f4b02e3cc5790d76eb830ec123d2,https://topekalodging.org/linkedinvm/err1.zip,,inferred
2020/202005/www.elkinsconstruction.com (dropboxverification.zip)/dropboxverification.zip,240300,267dedfb87e38f6226fb10627694ff5b937093be,e49f0471b7d409b6c7207dbacca50ee124be25b3fbd1b2fa7c948bfaf817db57,http://www.elkinsconstruction.com/rossy/dropboxverification.zip,,inferred
2020/202005/www.euroseles.com (Googledoc.zip)/Googledoc.zip,190520,b38328b0938cab92120f9734c8687b276fe11e69,f031974d882cd16e1d3a8f5d89a49b643bbd6a13e6f75225cb8e5c2382f5296a,http://www.euroseles.com/wp-content/plugins/Google/Googledoc.zip,,inferred
2020/202005/www.mediterraneanlighthouses.org (clients.zip)/clients.zip,274920,c141c283b9a415b4897db2f50ebd3cece79acc6a,4c4f1e19949b3f19ca82d3964b6c533d7692bd55f0b13a07b2aaeb67e271a09f,http://www.mediterraneanlighthouses.org/cli/payapal/clients.zip,,inferred
2020/202005/www.playermx.com (PayPal.zip)/PayPal.zip,6531361,289aba3f417e34ea9ee836a375fb3fdfed48a203,2f1b7ee33d8ac76561561aabf9552c7e62e3da0441abb38a4805c9423b4f2929,https://www.playermx.com/lukas/PayPal.zip,,inferred
2020/202006/aws-amazon.hugodiamond.com (16ShopAmazon.zip)/16ShopAmazon.zip,3719635,78d387fc34fd0b4de739ac28eb479f8184300dfd,1d2ff1e46e15f8f75458077c56183b16834a42af40b03e649601d3bab7178004,https://aws-amazon.hugodiamond.com/16ShopAmazon.zip,,inferred
2020/202006/bb.call-click-text.com (linkedinnewpage.zip)/linkedinnewpage.zip,47383,a4c354155e5344ee044d519a8392814f2d8c0c08,4ddf71ccdaba4dbca1fafbf5fc80ade6ff7627f70b40398216351a0357784e55,https://bb.call-click-text.com/www/linkedinnewpage.zip,,inferred
2020/202006/count.mail.163.com.microsofft.xyz (netease%20(1).zip)/netease%20(1).zip,9769566,6520aec49551d0dc52e496ff428d22fc885871e7,df8b52cfc988babc108e4e174131b50d6809f961df895a4ab2d8d8f57915c159,https://count.mail.163.com.microsofft.xyz/netease%20(1).zip,,inferred
2020/202006/djwrisley.com (Amazon.zip)/Amazon.zip,167787,c86c9496413a0bec7c505dfd17a0b2d3b57659d1,8006774cab80904e97bddce6cb9f81b9bdc1a0a2ad46e883b47bf0795df4dea8,https://djwrisley.com/wp-includes/rest-api/fields/Amazon.zip,,inferred
2020/202006/endurancedesignings.icu (office365.zip)/office365.zip,990496,59e0de53294e487bb6ded2da04f93efb2856061d,79ce30dca0fec75d5bbd304b1a1688e09accdd8c662c17cf73e7eac5f9808ee7,https://endurancedesignings.icu/resource/office365.zip,,inferred
2020/202006/enmarkstuinmueble.com.mx (wellssecurity.zip)/wellssecurity.zip,2393422,6a9ae7fff14637d7018b6c3ca7453e51e6ce826e,140c5fd8f8a5f1a63ca0aab2ba48b6c689b8f876d21ab7cb00407d899ef60e57,https://enmarkstuinmueble.com.mx/wellsfargo/wellssecurity.zip,,inferred
2020/202006/eotya-71.ml (0nfile.zip)/0nfile.zip,742696,5e66fb64c0b5459d8ca1008891ea170e7c89032e,fc7a9bb70a650aaa214b5b498646311d38cc7cf7e837102e5026cd0f0802db4e,http://eotya-71.ml/meme/0nfile.zip,,inferred
2020/202006/facebook-secvre01c.com (facebook.zip)/facebook.zip,229029,6474c344127c2acc4362691ef1b8277f077545e6,3b44f62abca0acbd00e2000f68b97e6b60a0a6b020d92d33da3f8e26639f8758,http://facebook-secvre01c.com/facebook.zip,,inferred
2020/202006/hivico.com.mx (wellssecurity.zip)/wellssecurity.zip,2393422,6a9ae7fff14637d7018b6c3ca7453e51e6ce826e,140c5fd8f8a5f1a63ca0aab2ba48b6c689b8f876d21ab7cb00407d899ef60e57,https://hivico.com.mx/Wellsfargo/wellssecurity.zip,,inferred
2020/202006/itau-seguro.com (ITAU%20TOP.zip)/ITAU%20TOP.zip,600888,cecc0d108d3712812081ed23a06220ddc5cd54c3,46614785a52c8e7ea3bf8bf721b15c0d4ab2c3d9883d387025dd82e6921c8358,https://itau-seguro.com/ITAU%20TOP.zip,,inferred
2020/202006/joinbells.net (bankofamerica.zip)/bankofamerica.zip,1161852,49e5265f5a78e6d901185cee60aafec55ad29da1,9273c8a5b8a035d1b15d048a5466220aedc0b95b1f177bc1c6c429e76ab2691e,http://joinbells.net/bankofamerica.zip,,inferred
2020/202006/jollyvarex.com (bankofamerica.zip)/bankofamerica.zip,1161852,49e5265f5a78e6d901185cee60aafec55ad29da1,9273c8a5b8a035d1b15d048a5466220aedc0b95b1f177bc1c6c429e76ab2691e,http://jollyvarex.com/bankofamerica.zip,,inferred
2020/202006/judiciousexperi.com (apple.zip)/apple.zip,1474648,309c475c56aaa5f1f2da48915457d72c388d56cf,cb666d636a673794a135cb5160278ab6a8ec0598c3e0aeecee6f4bd4d4196958,https://judiciousexperi.com/apple.zip,,inferred
2020/202006/ktoler.000webhostapp.com (2018_dropbox.zip)/2018_dropbox.zip,2026849,a5f28b05983abaaa72c13d19fdfa8dabae7dbb46,24a0ed8184d291c310ce9ad1774ecbdff4106eefa378153c6e8b80b5f7b8c48b,http://ktoler.000webhostapp.com/dgfgd/2018_dropbox.zip,,inferred
2020/202006/kundostodm.com (amaz%20%282%29.zip)/amaz%20%282%29.zip,3475017,053c519cd0579b4403196000232f5ae078762074,b36a436adff6d98ebfe70a5cfe68e65010d6e8fe7b861496b207a95a8d5cedbf,https://kundostodm.com/acoount/amaz%20%282%29.zip,,inferred
2020/202006/leicesterexist.com (recentoffice.zip)/recentoffice.zip,7142,d4c8b10a9c0eb84342f6ad370a8f4d35da7a1766,415ff2b77fa543ca79567d1f6dad27de769e18c5f726a3aa38daa69d3b2bdba3,https://leicesterexist.com/office/recentoffice.zip,,inferred
2020/202006/loarinc.com (linkedin(1).zip)/linkedin(1).zip,552286,5da6f345bdd28e1dfd57e3551592f6d53caa161a,7711125007099287f1195c71127eb46f09c5ede534da0bc78f02f73d8f26db9f,http://loarinc.com/LinkedIn/linkedin(1).zip,,inferred
2020/202006/manredco.com (linkedinnewpage.zip)/linkedinnewpage.zip,47383,a4c354155e5344ee044d519a8392814f2d8c0c08,4ddf71ccdaba4dbca1fafbf5fc80ade6ff7627f70b40398216351a0357784e55,https://manredco.com/www/linkedinnewpage.zip,,inferred
2020/202006/mikantai.jp (dropbox.zip)/dropbox.zip,2537914,cda09a890df2da32e6aa5042926a740a745e133c,8b906feb9116e0f9c99f1aff6b907af36a42dbbf3fcaad43f029fc696b1a0707,http://mikantai.jp/administrator/templates/bluestork/box/dropbox.zip,,inferred
2020/202006/mimaseggplante.com (https.wellsfargo.com.home.zip)/https.wellsfargo.com.home.zip,2393427,0f1333d85cd49ff88974deb647aaa7c919428a44,f126333a19924085caae647859018e967948038b0ece74b2955c15616f2cc4a7,https://mimaseggplante.com/inf/https.wellsfargo.com.home.zip,,inferred
2020/202006/qutrzttrzwhitmplt.com (NEWupdated.zip)/NEWupdated.zip,32630,2a9916b002a8656f2cee14bb40e860f53415db65,8161d712b826e3363e3724b08d223ce8fcc3d6e6ab0d23c7e33434e64fcc065c,http://qutrzttrzwhitmplt.com/filexx/NEWupdated.zip,,inferred
2020/202006/ramsxy.com (pages.zip)/pages.zip,10185824,59ae2ec16e6cbc5ac3fd4c09a954d0fd1088c4eb,f758ed87e326fdb1b46573eca749af0132713cd909803abbfd6420ec1e10a186,https://ramsxy.com/kira/pages.zip,,inferred
2020/202006/sabahborneo.com (Paypal.zip)/Paypal.zip,217076,dab27844fd68a4c7219c121a16960f53de96f1f9,b98c632efd8b48cf9c8a67d41d34310d4577c7649cfa53a99a62bf1b6a468f66,https://sabahborneo.com/Paypal.zip,,inferred
2020/202006/sheii.ga (es.zip)/es.zip,313405,c3f99a7b5a176374b99bdc6a9cb5bd0c26762db1,a0c140d515f047c787af322ef61edf9c09e55a636bcd196a16b756a6f823bfec,https://sheii.ga/amazon/es.zip,,inferred
2020/202006/solidklin.com (pages.zip)/pages.zip,10185824,59ae2ec16e6cbc5ac3fd4c09a954d0fd1088c4eb,f758ed87e326fdb1b46573eca749af0132713cd909803abbfd6420ec1e10a186,https://solidklin.com/now/pages.zip,,inferred
2020/202006/stationery.cherishedmomentsbw.com (request.zip)/request.zip,352052,4388de15b912f74a0228491a79a405f13bd52299,69992b35c3c66bad35b1a226ad36c12578dfc1388c815735d4f4cb4cf04d6a73,https://stationery.cherishedmomentsbw.com/wp-includes/assets/request.zip,,inferred
2020/202006/support-paypal.com.tekywidjaja.com (Scmpg-pp-nubihaxor.zip)/Scmpg-pp-nubihaxor.zip,775600,5690b0767620c456675ed5360de39175bd046166,ad947b3752e0af5cb1cd60dd819d165551682da9c5e13b5bcbc1da73e3490d62,https://support-paypal.com.tekywidjaja.com/Scmpg-pp-nubihaxor.zip,,inferred
2020/202006/the-shoemakers.com (content.zip)/content.zip,32074,b5b69a1d9203d0e231496f198c0dcd1fa4114fa2,2d7b25647a962d832c1ecfbb54fba51b12a7af1d877d08c5d828e36f9529bd67,https://the-shoemakers.com/content.zip,,inferred
2020/202006/theatrictoezy.com (bankofamerica.zip)/bankofamerica.zip,1162861,fe9dff401d880517d209fc9c8a5c070c14e2ca81,a42fa14c257b29994b15d6acbb0cc0534fd91979988487f0b671d355f7c0e534,https://theatrictoezy.com/BankofAmerica/bankofamerica.zip,,inferred
2020/202006/waimakexcavation.co.nz (SEFCOPY4.zip)/SEFCOPY4.zip,866646,0f00ef85711e19f2705aa47dddd2991aceb97c34,48622604a0c9507e60ac9882d06451620e37474a1a6d618208242b29edac0616,http://waimakexcavation.co.nz/afvbfgbv/SEFCOPY4.zip,,inferred
2020/202006/www.reindeermachinery.com (worldbossfiledownload.zip)/worldbossfiledownload.zip,3179434,b82737b5175bde8234c402c5a196a08089ca34ca,3de1492a7af40bf5593057684c58238838a79c5c28698a0bcbb60c54b14a8ba3,https://www.reindeermachinery.com/wp-admin/includes/GMS/worldbossfiledownload.zip,,inferred
2020/202006/www.rightresultsprojectmanagement.co.uk (home.zip)/home.zip,714619,45c9a04b3138a817f9e9dc400bac6c7d31747469,2c4837a6f4b17068aa517ef2e24339669606294e420d4a884f9cf32ae7826ab7,https://www.rightresultsprojectmanagement.co.uk/newoptionssports/home.zip,,inferred
2020/202006/www.wellsfargorelo.com (yourcompany1096.zip)/yourcompany1096.zip,0,e69de29bb2d1d6434b8b29ae775ad8c2e48c5391,e3b0c44298fc1c149afbf4c8996fb92427ae41e4649b934ca495991b7852b855,https://www.wellsfargorelo.com/loans/yourcompany1096.zip,empty,inferred
2020/202007/18r.f02.myftpupload.com (paypal.zip)/paypal.zip,1377444,889b465256c12d991ec0523735846328e97888bc,1390dd40645f7f7a890ea79843fae2b0545e586abacefaad8573607a8534af0a,http://18r.f02.myftpupload.com/paypal.zip,,inferred
2020/202007/91.138.224.107 (2.zip)/2.zip,237152,ec75937ec55825c84cca60c21ff2af44d688129d,2ce5606ebfd400352081a34b30b52f448fcce8f95046e5da32ae7c6e182390e5,http://91.138.224.107/vtigercrm/storage/2015/November/week2/2.zip,,inferred
2020/202007/91.138.224.107 (Amazon.zip)/Amazon.zip,1588178,d41a128356b19de942080e873cb28c831c58146c,5994b8fa6e9b6ed58473ac83dbb10f5dcb9c53ad47ad833fd4f0d0e5a728194e,http://91.138.224.107/vtigercrm/storage/2015/November/week2/Amazon.zip,,inferred
2020/202007/91.138.224.107 (Apple.zip)/Apple.zip,0,e69de29bb2d1d6434b8b29ae775ad8c2e48c5391,e3b0c44298fc1c149afbf4c8996fb92427ae41e4649b934ca495991b7852b855,http://91.138.224.107/vtigercrm/storage/2015/November/week2/Apple.zip,empty,inferred
2020/202007/91.138.224.107 (pvm.zip)/pvm.zip,11174,1844c5713ca6065a74ce649fd420656e161b3ef7,b270b77e17339abb4a088d10d53cf55524a094b4ce875aae4a1e247d333a470b,http://91.138.224.107/vtigercrm/storage/2015/November/week2/pvm.zip,,inferred
2020/202007/a20.4bf.myftpupload.com (paypal.zip)/paypal.zip,1377444,889b465256c12d991ec0523735846328e97888bc,1390dd40645f7f7a890ea79843fae2b0545e586abacefaad8573607a8534af0a,http://a20.4bf.myftpupload.com/paypal.zip,,inferred
2020/202007/amazon.deapsignin.webnike.ir (a.zip)/a.zip,5136196,2b0c45684bdc7508c78dd12ba516c257c8bece0a,affaf3b5866318371e972900ee7e8d6bb88ff0f8906296a7def8f6c9e8a000c2,https://amazon.deapsignin.webnike.ir/a.zip,,inferred
2020/202007/apple-support.app (iServerShortenerSINGLE%20(1).zip)/iServerShortenerSINGLE%20(1).zip,1556857,6c90a696095e1e0213951bb2724b4b5998bfeaa3,aa2f7ed925af0c76acf87678429d416c4652c4954f36d3eb54530f9f0ce17449,https://apple-support.app/iServerShortenerSINGLE%20(1).zip,,inferred
2020/202007/bankofamerica0.ns02.info (boa.zip)/boa.zip,2185489,67af5d74b09b557111fbfa536455ee16cafdd228,4d045f56534fd5e4b7a05d5f5077205e5c7e99ba8d5ef2608dd11dc610914bae,https://bankofamerica0.ns02.info/boa.zip,,inferred
2020/202007/birchdalefireandsecurity.com (linkedIn.zip)/linkedIn.zip,31299,84d9c4961e1916c42942f67fcaf18e3b3e3d2a83,ddf604fdaedb71c711653a42153d69538f2d5e980df11063c32dbfc18a222f07,,,
2020/202007/caca.netflix-pe.com (redirect.zip)/redirect.zip,971,f47f1e197124bff7694a94a7cc1b75bae0edbdf6,a1c93dbc4149b5dc177fdb757baeff188adbfc0e2695d80b6dc0d5ab10ef611f,https://caca.netflix-pe.com/redirect.zip,,inferred
2020/202007/cor.peakhighcannabis.com (2020Outlook.zip)/2020Outlook.zip,38182,d686c0f18c53ef47b28bed5546814814eabfef31,9819c9a1ac89efac5442cdee8dc1177df5e7a71d94674cb1f3d0543062a5bb56,https://cor.peakhighcannabis.com/hotmail/2020Outlook.zip,,inferred
2020/202007/customer.paypal.restored.cemaco.vn (Summary.zip)/Summary.zip,1837799,7e585cd5e49ad4fe8c85b1efcee13a5c1a2c2ddc,dd872e25541705622cdb5ecdee15313b97ca8680a887ad5f2fd31abff864e0d7,https://customer.paypal.restored.cemaco.vn/Summary.zip,,inferred
2020/202007/deoleumfest.com (one.zip)/one.zip,704374,0f9b45670ed68cf05eb74f0adc1efe2d6172668f,5208c39a10576aabc49f3b1c5d0affd9f11d1f4a1a064e3a54a8138e6f5239f5,https://deoleumfest.com/one.zip,,inferred
2020/202007/diastyle.by (h%20e%20i%20b%20es%20t.zip)/h%20e%20i%20b%20es%20t.zip,755796,a96e96df477c1712e8798f670ac5f55b7b42db5e,673076e056b0ceac86153dde6010226ef3482b1bd9ec6b6ab03243e9bdc68460,https://diastyle.by/wp-includes/SimplePie/Decode/HTML/Q/Q%20mFoc%20mFZ%20b3Vr%20aGFuaXM=UW1Gb%202NtRl%20piM1Z%20yYUd%20GdW/FYTT1%20C%20Y%20W%20h%20y%20Y%20V%20l%20v%20d%20W%20t%20o%20Y%20W%205%20pc%201%20F%20t%20R%20m%209%20j%20b%20U%20Z%20a%20Y%20j%20N%20W%20c%20m%20F%20H%20R%20n%20V%20h%20W%20E%200%209/h%20e%20i%20b%20es%20t.zip,,inferred
2020/202007/diastyle.by (h.zip)/h.zip,377427,578fb8335fd562650c04c30c5a1ee1e47c8a2eed,135f950c320d4dd3fd7dd5e75066ad02d12a034f4319b04bf45d5bd3ee4ccf5c,https://diastyle.by/wp-includes/SimplePie/Decode/HTML/Q/Q%20mFoc%20mFZ%20b3Vr%20aGFuaXM=UW1Gb%202NtRl%20piM1Z%20yYUd%20GdW/FYTT1%20C%20Y%20W%20h%20y%20Y%20V%20l%20v%20d%20W%20t%20o%20Y%20W%205%20pc%201%20F%20t%20R%20m%209%20j%20b%20U%20Z%20a%20Y%20j%20N%20W%20c%20m%20F%20H%20R%20n%20V%20h%20W%20E%200%209/h%20e%20i%20b%20es%20t/h.zip,,inferred
2020/202007/diastyle.by (heibest.zip)/heibest.zip,377662,e9456f7537add8c08e784c75b72cee13d2a321d5,7ffaee133561d96bfb99b6b9ab726cf6ffa148ecfd8bcaa28ce0311fd7d1a6d4,,,
2020/202007/facebook.com.mxseller.com (fb-fake.zip)/fb-fake.zip,11739,8117f998cdcd3b5d50a06ef101143e060d0a9e23,b3a8ece98c83a667890f2c17e7ea80ce9a35c852832187c40abc9cc840f5cc26,https://facebook.com.mxseller.com/fb-fake.zip,,inferred
2020/202007/hasdobdob.csedu.kr (linkedIn.com.zip)/linkedIn.com.zip,25074,8b1feede8eadd918295dc890cb1f2281e2e5dfb2,bb1f0887040066673062f31e4cb66992dd7596e3c0c0447184fc8445d1b54a65,https://hasdobdob.csedu.kr/wp-content/wwwwwqqq/linkedIn.com.zip,,inferred
2020/202007/icloud.com.br-ios.us (kit4343.zip)/kit4343.zip,54970515,1524c016a3aedfcab2d0e281bc3dc837c97883c7,fce022a1a5f991d4854938ce48b1df7c596b5a677dff38b34fd0c6ad0d5eabb2,https://icloud.com.br-ios.us/kit4343.zip,,inferred
2020/202007/invesku.com (Amazon.zip)/Amazon.zip,1414761,cf21932b74585cc62ad0cad8f1af446e67ce7f92,056f21e41626c5f02df5dd03c50563ae4de83a7e8931c1a557165bc3b356d3c2,https://invesku.com/Amazon.zip,,inferred
2020/202007/itaucard-online.com (ITAU%20TOP.zip)/ITAU%20TOP.zip,600888,cecc0d108d3712812081ed23a06220ddc5cd54c3,46614785a52c8e7ea3bf8bf721b15c0d4ab2c3d9883d387025dd82e6921c8358,https://itaucard-online.com/ITAU%20TOP.zip,,inferred
2020/202007/misharialafasy.net (newmessage.zip)/newmessage.zip,539880,7c921fba70c2e98c00c371efad0d53e245037d7d,dc741d6905a36ac69cfe2f85cdf3901d6a91b8e719f8eaac7e79e595c434ea04,https://misharialafasy.net/images/business-INVITATION/linkedin/newmessage.zip,,inferred
2020/202007/nataliemerowsky.com (amaz.zip)/amaz.zip,3475016,63a248c0ab88570db2e04363d008e086f1dff7c6,af210514583b1eb015ac8979f4c379fd7a9979e2188b300c09b4f082a6366e73,,,
2020/202007/particulars.bancosantender.es.secure-web.powerandnetwork.co.tz (hsn.zip)/hsn.zip,3670957,c574f307a024cf7b25945a12d0f9a35495c9144b,c9371fa7cdb8164a4399160b96dcb7f598e3408e01668a87f5efe6956edd9f2c,https://particulars.bancosantender.es.secure-web.powerandnetwork.co.tz/hsn.zip,,inferred
2020/202007/paypal-support.stoneworlduganda.com (Error-Paypal-Support.zip)/Error-Paypal-Support.zip,8149094,1b655bf2276efc9c1f88bca23b4150f45f3cc838,3fb7ce8bdef4d6122cb7e764cd9f7d0961b37b4625103a7088277418cf3383a9,https://paypal-support.stoneworlduganda.com/Error-Paypal-Support.zip,,inferred
2020/202007/paypallsecurelimitedaccount.antibot-pw.com (xMR.JOKERx_2020_freshantibots.zip)/xMR.JOKERx_2020_freshantibots.zip,1841907,18eb377f3fb660643a9f0bc6dcd47b18bb753fba,21804064d0d6541a964b46bfe1e6d8a315cf8db56cddc570b38827b9c50b3ffc,https://paypallsecurelimitedaccount.antibot-pw.com/xMR.JOKERx_2020_freshantibots.zip,,inferred
2020/202007/qproohh.com (office.zip)/office.zip,30405,5e9e9f32aece1b5e32d4ba5b1535daa4fd6b00af,a65cd8afade26f04e9a951b13add94605c70105bb50f5ea909e48d1b9e2a4034,https://qproohh.com/office.zip,,inferred
2020/202007/security.appledepartments.com (16Shop%20Apple%20Scampage%20V.2.0.1%202020.zip)/16Shop%20Apple%20Scampage%20V.2.0.1%202020.zip,14460225,0fb7d5c629f48a4aea3be9b576c9bef08ad0ba13,03dec6b2ba66482796a6ab6ac605636d84f66291b688bdf54efb51c6b2bd69eb,https://security.appledepartments.com/16Shop%20Apple%20Scampage%20V.2.0.1%202020.zip,,inferred
2020/202007/sspguesthousecom.000webhostapp.com (linkedinerify.zip)/linkedinerify.zip,532339,b120174e3862be30d35852bce4b71873f7e2fc8e,190d3625f5262228cac1b16b428c0544f321acf73bd9aaedb87e2cf46ead278f,https://sspguesthousecom.000webhostapp.com/linkedinerify.zip,,inferred
2020/202007/teamwlg.com (aa209Page.zip)/aa209Page.zip,4807782,e1b5499c1c2f0d15c4f48467b0df0dd8cc0deb09,4faeb5162e40104cd5d5804a3700949135ec30df600f267095cf84cf2977ca03,http://teamwlg.com/aa209Page.zip,,inferred
2020/202007/tpstorage.com.au (sharepoint.zip)/sharepoint.zip,254701,fae46aa1e66777b600a0017c17b5cfb2c62b1898,bd14fc82bf68b5f1b1d22c6c3b4a286ff4c7acefff4787a365642a5dc15f6439,https://tpstorage.com.au/office.com/sharepoint.zip,,inferred
2020/202007/vantageoutlook.mysit3.com (releasenote.zip)/releasenote.zip,0,e69de29bb2d1d6434b8b29ae775ad8c2e48c5391,e3b0c44298fc1c149afbf4c8996fb92427ae41e4649b934ca495991b7852b855,https://vantageoutlook.mysit3.com/releasenote.zip,empty,inferred
2020/202007/vps.x5prime.com.br (request.zip)/request.zip,352052,4388de15b912f74a0228491a79a405f13bd52299,69992b35c3c66bad35b1a226ad36c12578dfc1388c815735d4f4cb4cf04d6a73,https://vps.x5prime.com.br/~xprime/--/request.zip,,inferred
2020/202007/websitesecuritykey.com (dropbox.zip)/dropbox.zip,297748,3a6e38ab0083e5745a8b13fd0c7b19703e7fe45d,3e93787437efa4958f0b023f2040f3e2616c3938b1e8d3017fe5fc6dae56211b,http://websitesecuritykey.com/jvs/dropbox.zip,,inferred
2020/202007/welcometosouthernmd.com (drop.zip)/drop.zip,2596916,8e178ff1350fdff42d9060e625b039909d8cdfa3,68abaf5ba132edc27e35e28ab98cbc884c0ffa38709bb8871c8fd5d23d45145d,https://welcometosouthernmd.com/wp-includes/images/smilies/dropbox.com/file/drop.zip,,inferred
2020/202007/womromsnd.com (amaz.zip)/amaz.zip,3475017,053c519cd0579b4403196000232f5ae078762074,b36a436adff6d98ebfe70a5cfe68e65010d6e8fe7b861496b207a95a8d5cedbf,https://womromsnd.com/amazon/amaz.zip,,inferred
2020/202007/www.birchdalefireandsecurity.com (linkedIn.zip)/linkedIn.zip,31299,84d9c4961e1916c42942f67fcaf18e3b3e3d2a83,ddf604fdaedb71c711653a42153d69538f2d5e980df11063c32dbfc18a222f07,,,
2020/202007/www.homelandhost.com (hard_20200623_174220.zip)/hard_20200623_174220.zip,10882552,8b74663e97fe37758a6a54dee720ebead8ece497,f1a63b64cd1542e30585e54e02105f0536d645a3f1e11b283079d816f8a7a9ce,https://www.homelandhost.com/wp-content/plugins/amp/vendor/hard_20200623_174220.zip,,inferred
2020/202007/www.jeringasbiomercy.com (b2020123.zip)/b2020123.zip,2021197,dd0948c023e4c9de7896d137f402cb72a5b2d3de,06c2e656edb071a7db4c053bc382478f22f0d48882f27aa04278aba2d2885856,https://www.jeringasbiomercy.com/wp-content/b2020123.zip,,inferred
2020/202007/www.nataliemerowsky.com (amaz.zip)/amaz.zip,3475016,63a248c0ab88570db2e04363d008e086f1dff7c6,af210514583b1eb015ac8979f4c379fd7a9979e2188b300c09b4f082a6366e73,,,
2020/202007/www.sandipshirsat.com (fonts.zip)/fonts.zip,549869,8d88f280ea5667d1c36a9de3452720c0e7095742,5c1e8c30b80450d166fd84020f8532d8c20983a0e6741b3092f87f72dd8f0f6a,https://www.sandipshirsat.com/assets/fonts.zip,,inferred
2020/202007/www.sandipshirsat.com (linkedin.com.zip)/linkedin.com.zip,26590,7e5cbba841642cba5b39f8a3ca600a315bd318b2,123a57196f9f4a2793bb5f540044447b5de8389b6b2c8a53cc54e8f4cf8800f0,https://www.sandipshirsat.com/assets/slick/control/linkedin.com.zip,,inferred
2020/202007/www.seoulcityphil.org (dropbox.zip)/dropbox.zip,85122,c092535177befebd85a647b6fadff47226024f96,ead5004c690a19aecaa36b02b530a6b5b80ff5aa2fac4d1c43e6d8887f9c32df,http://www.seoulcityphil.org/bbs/admin/dropbox.zip,,inferred
2020/202007/www.skyline-china.com (https.wellsfargo.com.home.zip)/https.wellsfargo.com.home.zip,1630970,3483497936d7d90cb97c32e228cef1db26a06035,c5cfe0fa7f4232fb2a46b0b2bdf483418c14f5ff5cb245554ede4057bfca0f5f,http://www.skyline-china.com/wp-includes/css/xwells/https.wellsfargo.com.home.zip,,inferred
2020/202007/www.topekalodging.org (err1.zip)/err1.zip,112197,f30a5266a5e27e1675c532f5152313d533dd3816,56f912b140ad5f13fabd7d21435b87c19c01f4b02e3cc5790d76eb830ec123d2,http://www.topekalodging.org/linkedinvm/err1.zip,,inferred
2020/202007/www.update-secure-information.habitatnation.com.au (Apple-confrim.zip)/Apple-confrim.zip,122015,e4f0428c3c5701c612bc826c3c0cfca7fb80cd2d,f71a041f69bd90618f6ece0d4f2e32d6f993ce28d23120cf2f0d93a2b84e969e,https://www.update-secure-information.habitatnation.com.au/Apple-confrim.zip,,inferred
2020/202008/amplifyonline.co.za (b2020123.zip)/b2020123.zip,2037879,40ca99f1b871de745aaeb8f261809b5872068d01,68a049871329c0072b1bf323241e45c283208ff495cf7471a9bd7be57ba42b42,https://amplifyonline.co.za/a/wp-content/plugins/urytuvifjsj/b2020123.zip,,inferred
2020/202008/bankofamerican.ns01.us (boa.zip)/boa.zip,2185489,67af5d74b09b557111fbfa536455ee16cafdd228,4d045f56534fd5e4b7a05d5f5077205e5c7e99ba8d5ef2608dd11dc610914bae,https://bankofamerican.ns01.us/boa.zip,,inferred
2020/202008/baseentertainments.com (Apple-Update.zip)/Apple-Update.zip,649101,2806109271a22f251de7af6047ff575e53b63904,3d757e83b057522fcbe21516c75e0e3beb4ca8a7ab029abdd6fcdc0f550c02ef,http://baseentertainments.com/wordpress/dero/Apple-Update.zip,,inferred
2020/202008/compressedmatchst.com (bankofamerica.secure.access.zip)/bankofamerica.secure.access.zip,997209,552cbabc42b145382c1d46453c2de35b5c46ad70,1f38548c2ed344f91303d77751a32c0056a96f4b31e3d589ae2bf4ed58045691,https://compressedmatchst.com/bo/bankofamerica.secure.access.zip,,inferred
2020/202008/derdwerdesign.com (amaz.zip)/amaz.zip,3475017,053c519cd0579b4403196000232f5ae078762074,b36a436adff6d98ebfe70a5cfe68e65010d6e8fe7b861496b207a95a8d5cedbf,https://derdwerdesign.com/amazon/amaz.zip,,inferred
2020/202008/eoexpo.sa (bankofamerica%20(1).zip)/bankofamerica%20(1).zip,1162883,425f15246109db7eccae91ba026fa31d052eb387,8cdd87fb38b6a035162e0aa88396d342bdc9cffb4ed7ddcf59a2f9e0f2c323e0,https://eoexpo.sa/boa/bankofamerica%20(1).zip,,inferred
2020/202008/facebook.tasinmir.com (php.zip)/php.zip,214803,c597437b341710638228743ce9855fe844a90d7d,cb578df08c8cb30b64745639ba766f050bb13bbb641bf71269dba9d5990ec623,https://facebook.tasinmir.com/php.zip,,inferred
2020/202008/fantastic-rides.com (od.zip)/od.zip,387489,1f6ad7551c91772f8d891fe9d73d113282accca1,f4680e97fdd13b3527f90d5b6890209ba28ba60711f2ce9278a4e7d942e59494,,,
2020/202008/hotelpapagalos.com (SFExpress.zip)/SFExpress.zip,293268,d9d1d4e01a802779c3226b4c4b0b07a6de548a62,9324c0ad37eacc51b47c033ee5d3c3e48edcbbdf98b02528b90a47dd2a155483,http://hotelpapagalos.com/lib/fonts/google/sf2/SFExpress.zip,,inferred
2020/202008/iasdjundiai.org.br (DHLNEW.zip)/DHLNEW.zip,387836,831e8c28009aeb557c385b88506f8a0ba70d4a5c,81c1d158936056d5e9d60758c149673123dd00438e7976ce4d45fddd7ffd7264,https://iasdjundiai.org.br/wp-content/themes/twentytwenty/space/DHLNEW.zip,,inferred
2020/202008/id-support-icloud.ru (2020%20my%20script.zip)/2020%20my%20script.zip,21331573,340288f73b54337d9c59bc51d695aa482de87b6c,8997ed44bd810c0850ff531266ee729a57dc929cee9ab9f395bb6d792eb420ca,https://id-support-icloud.ru/2020%20my%20script.zip,,inferred
2020/202008/jacquelinegaherity.com (15967072157094060001596707236576289000_content.zip)/15967072157094060001596707236576289000_content.zip,1161946,5296ae68b4eb81228aae46a8a22203bac14231e4,719034d73d7af802a321a74c1f04f86f1cbb259786356b9f282232c7e10a7b92,https://jacquelinegaherity.com/UNCLE/15967072157094060001596707236576289000_content.zip,,inferred
2020/202008/netflix-pe.com (redirect.zip)/redirect.zip,971,f47f1e197124bff7694a94a7cc1b75bae0edbdf6,a1c93dbc4149b5dc177fdb757baeff188adbfc0e2695d80b6dc0d5ab10ef611f,https://netflix-pe.com/redirect.zip,,inferred
2020/202008/noafetedre.com (office.zip)/office.zip,30405,5e9e9f32aece1b5e32d4ba5b1535daa4fd6b00af,a65cd8afade26f04e9a951b13add94605c70105bb50f5ea909e48d1b9e2a4034,http://noafetedre.com/office.zip,,inferred
2020/202008/norreply.paypal.jajaleen.com (Scam-Visa-2020.zip)/Scam-Visa-2020.zip,804342,356276d3790370f476a0552b45472cabdce99d83,e35b5eb20b1c5bb23920d1c5a7c929733fefc79cef22692cc8c59139138c36e3,https://norreply.paypal.jajaleen.com/Scam-Visa-2020.zip,,inferred
2020/202008/norreply.paypal.jajaleen.com (cole.zip)/cole.zip,749132,71bbb2c8a801d305425892d8425f5dae6fbc6947,03aed5e352b2aec54538dcc5fdb5647379f125692081330b9622cbc8972b5cc0,https://norreply.paypal.jajaleen.com/cole.zip,,inferred
2020/202008/norreply.paypal.jajaleen.com (facebook-scam.zip)/facebook-scam.zip,466786,7b153aa187ec5d88bdc63e0d3b8f1be6be0d98e6,05b21a962d43035c357faf6d4761c5b781289b93d120b6c4d5aa3a21a393ed0a,https://norreply.paypal.jajaleen.com/facebook-scam.zip,,inferred
2020/202008/paypal-verify0.serveirc.com (client.zip)/client.zip,7093450,9afa98ad82989f0fa79d0eadf64889300a7c92b7,60f6111c1507ffc697f377c79a3546412ff61b2233670c6815ed5c1dea7b2413,https://paypal-verify0.serveirc.com/client.zip,,inferred
2020/202008/paypal.paypal-login286.com (PP%20BANK%20BMS%20FORMAT.zip)/PP%20BANK%20BMS%20FORMAT.zip,15411612,34443276aa53c11c78cd1f87a5a76f9739ee203e,2c38ad0dc4f325355c49f6fac42c912834908c3dab8cbbe363c0b95fe0e8e0b9,https://paypal.paypal-login286.com/PP%20BANK%20BMS%20FORMAT.zip,,inferred
2020/202008/paypal.paypal-login292.com (PP%20BANK%20BMS%20FORMAT.zip)/PP%20BANK%20BMS%20FORMAT.zip,15411612,34443276aa53c11c78cd1f87a5a76f9739ee203e,2c38ad0dc4f325355c49f6fac42c912834908c3dab8cbbe363c0b95fe0e8e0b9,https://paypal.paypal-login292.com/PP%20BANK%20BMS%20FORMAT.zip,,inferred
2020/202008/paypal.support-team-ppl.com (athena%20(1).zip)/athena%20(1).zip,2009041,ef50fe8119b23e5c03c3a2f7758f373b727b6ead,29e85e97f090fa970cc13f763bfb67382837eb8adc90439b3237b0aabda6211a,https://paypal.support-team-ppl.com/athena%20(1).zip,,inferred
2020/202008/paypallsupport.serveirc.com (PHP.zip)/PHP.zip,167546,6f5f76f82fde500d6334469e56459ee308816e80,40838de5da3e5a3793f2e2e03d47756da18f9f16bfe39c66c0b2e43596f20abe,https://paypallsupport.serveirc.com/PHP.zip,,inferred
2020/202008/paypalservice000.iosh.biz (auth.zip)/auth.zip,5428890,6a4075692c3cedd5afb18dd5234aef4393e5ffdd,a42425c9893fbe5392abe3a1da24e667f275b51e040384d3805c85f0a94f5f68,https://paypalservice000.iosh.biz/auth.zip,,inferred
2020/202008/shallowtaekwondo.com (LINKEDIN2019.zip)/LINKEDIN2019.zip,168646,6d816ce94dc62729b1733d4c591272dd3ff394be,a78fe6af582a7b6ee4cc540715137eb20b87a38f2923eee941d534aeaf3e8625,https://shallowtaekwondo.com/linkedin/LINKEDIN2019.zip,,inferred
2020/202008/softrino.com (BOFA.zip)/BOFA.zip,911546,b5fd0422808fe041d3deaf99b78c0b55fdf1db89,c8b3d5e03a0197bc2af79dd13a08700c4fe5ec6b820e7f1aec1af6a0e6dcebdf,http://softrino.com/vendor/phpunit/phpunit/src/Util/PHP/bankofamericaonline/BOFA.zip,,inferred
2020/202008/teach-in-xiamen.com (linkedIn.business.zip)/linkedIn.business.zip,25353,6000d68a27a8329ce3b8d1abf180821ea4205633,aebcecdcf391fbcd9f8d37978b311c742cc96365a90a00cee7504a3a2c15833c,https://teach-in-xiamen.com/whice/linkedIn.business.zip,,inferred
2020/202008/uniformesitajai.com.br (outlookwebapp.zip)/outlookwebapp.zip,81937,04a5a709c88f06b42639a0dbac19f4295ed0224d,29a13998657572fbcca373725c7310795e8aa73b877b60817d4271af3b9cb7a7,https://uniformesitajai.com.br/outlookwebapp.zip,,inferred
2020/202008/veebiarhiiv.digar.ee (20121227133200.zip)/20121227133200.zip,0,e69de29bb2d1d6434b8b29ae775ad8c2e48c5391,e3b0c44298fc1c149afbf4c8996fb92427ae41e4649b934ca495991b7852b855,http://veebiarhiiv.digar.ee/a/20121227133200.zip,empty,inferred
2020/202008/welcometosouthernmd.com (drop.zip)/drop.zip,2596916,8e178ff1350fdff42d9060e625b039909d8cdfa3,68abaf5ba132edc27e35e28ab98cbc884c0ffa38709bb8871c8fd5d23d45145d,http://welcometosouthernmd.com/wp-includes/images/smilies/dropbox.com/file/drop.zip,,inferred
2020/202008/www.apamzxcawe.tk (amaznew.zip)/amaznew.zip,3475016,63a248c0ab88570db2e04363d008e086f1dff7c6,af210514583b1eb015ac8979f4c379fd7a9979e2188b300c09b4f082a6366e73,http://www.apamzxcawe.tk/ADREDFVSCERGYHTRE/amaznew.zip,,inferred
2020/202008/www.somosvitalmultiservicios.com (microsoft.zip)/microsoft.zip,1475699,1aa6d6d5afed613149617ead01f301b112a0f8ae,0642a9e15e44ba300676c74b644117669258bf95cace7ff6b21854547dba77db,http://www.somosvitalmultiservicios.com/escrow-cd/microsoft.zip,,inferred
2020/202008/www.zonasegura1betaviabcp.com (bcp_manito_3.zip)/bcp_manito_3.zip,2253256,296ea9ec63cde4aad07d37408e5d04482e8245d7,e09037d6ec6c185f3438d092b3eaa6e933c23d85d348b9242bede3b2e9d77c89,http://www.zonasegura1betaviabcp.com/bcp_manito_3.zip,,inferred
2020/202009/jaman.shop (netflix.com.zip)/netflix.com.zip,2500803,4009b5789589edd54b92b71562c85409bd534be6,e1c21437707be67d1add3e906858b3f70349170a7b61ac43e641816ffe83f40f,http://jaman.shop/netflix.com.zip,,inferred
2020/202009/paypal.authenticate-login.com (Dataspec%20Paypal%20(International).zip)/Dataspec%20Paypal%20(International).zip,2923468,d809dea514d8b3cb2d1b30741ad6c0d2527c7d17,083f0c901a83053287206a11cb52b987b5bc53ebb5b8c77216f9ebd9f68fb02c,https://paypal.authenticate-login.com/Dataspec%20Paypal%20(International).zip,,inferred
2020/202010/adobelinkedinfiling.gq (ab.adobe.linkedin.zip)/ab.adobe.linkedin.zip,2718722,b3dec02f6dec0abb44ade643044ccd3ed97ce394,9963ea1a8cd4ae8aa9f7b8e71748ffbf3a1688cabea310fcb34b0dd07dba32ed,https://adobelinkedinfiling.gq/ab.adobe.linkedin.zip,,inferred
2020/202010/adobelinkedinfiling.tk (NEWPAGE.zip)/NEWPAGE.zip,671629,380ea9d852653d35a41f7b33a807b1a9e7fb34b9,91efd4bddf5afb5e393b62445a51be0183bfff55f12f0920ffcc06236b202194,https://adobelinkedinfiling.tk/NEWPAGE.zip,,inferred
2020/202010/ahmeddawod.com (microsft.zip)/microsft.zip,759627,d6b85d49c727bc7998685d0476d47c7a29cad338,c9f1432e0cdb91d722951c58abd4b9a8d9f4b383f4d4a5adea384664a43e6aa6,https://ahmeddawod.com/backup/mail/office/microsft.zip,,inferred
2020/202010/amazo-ns-contact-us.senioradvisorsplus.com (mazon.zip)/mazon.zip,6951588,0f947e9522d1a32411819bc95c3a66ce84953771,9da9a9dca1a38a9661fc44a4a4476da681614134f3ca1c1993dce09ededbd555,http://amazo-ns-contact-us.senioradvisorsplus.com/mazon.zip,,inferred
2020/202010/arsemax.com (linkedIn.com.zip)/linkedIn.com.zip,5720984,6a7d7528a6ef1be336c59d1499ae0f0108581dd4,1f98da95dca19e91cf985f27dcc5b6e33edd6812e136abcc3cf457e345114e14,http://arsemax.com/new/linkedIn.com.zip,,inferred
2020/202010/cartoongangster.com (linkedinnew%20(1)%20(1).zip)/linkedinnew%20(1)%20(1).zip,47383,a4c354155e5344ee044d519a8392814f2d8c0c08,4ddf71ccdaba4dbca1fafbf5fc80ade6ff7627f70b40398216351a0357784e55,http://cartoongangster.com/linkedlin%20/linkedinnew%20(1)%20(1).zip,,inferred
2020/202010/cebuphonly.jrzoutsourcingservices.com (themes.zip)/themes.zip,9187911,2760d741f68bd01b620b12d342bb36bb32643944,d8cce204acf5a1a6ebc04c9564542ba96f50760dca91a98af33c8d509608163c,http://cebuphonly.jrzoutsourcingservices.com/wp-content/themes.zip,,inferred
2020/202010/dk.braceletbox.co (New-outlook.com.zip)/New-outlook.com.zip,781227,1150fb95fe10979db3041661d1ffaa1c0583ea88,8285d015d4eb9cca975f85b292b6e5e43fe9766e1919e03d9313ada73564c5cf,https://dk.braceletbox.co/lil/inc/New-outlook.com.zip,,inferred
2020/202010/dwarfismfixie.com (365%20(1).zip)/365%20(1).zip,576912,6e13dd00f41c0ab5972d0c6a98823dfa94e5e9d6,94cfd39651f797bf2792410dcf78f17d5ea3347d96f27e4fe5be42cca8874a4d,https://dwarfismfixie.com/common/365%20(1).zip,,inferred
2020/202010/ebay.apple.ipad.tablets.itm562o8l5235.llc562o8l5.com (apple-ipad-pro-4rd-gen-1tb-wi-fi-cellular-unlocked-12-9in-silver.zip)/apple-ipad-pro-4rd-gen-1tb-wi-fi-cellular-unlocked-12-9in-silver.zip,22680540,8f156c81ea3adc877e84ba179d994c8c2df1396d,cd2e5198e9ab727055a87ca4516dc8df93b55f751b693f83635cecdfa4afed7f,https://ebay.apple.ipad.tablets.itm562o8l5235.llc562o8l5.com/apple-ipad-pro-4rd-gen-1tb-wi-fi-cellular-unlocked-12-9in-silver.zip,,inferred
2020/202010/facebook.ibx.lat (filepackage.zip)/filepackage.zip,485764,d2236955d63ca9ad96691df2a032341cbff59c4c,571003777dc6055bfc11a78511644174ac1ddbfc274e2bb98540d8593907d367,https://facebook.ibx.lat/filepackage.zip,,inferred
2020/202010/gamethethaotructuyen.xyz (wellsfargo.zip)/wellsfargo.zip,2393570,e23c7b0ac73ddf8edd7b15ce3aa640b5016f714b,77698d954291a7d92668bb0346986cbde4a17199c9810a5fe0cacd0bf004c1fd,http://gamethethaotructuyen.xyz//wp-content/plugins/fighter/wellsfargo-com-login/wellsfargo.zip,,inferred
2020/202010/getfreeskinmlbb7s.zzux.com (login.zip)/login.zip,1946256,7d9163b4f26bbeb8b58d7e364f8892b174881c27,9a6fb07a3f7743e9e61f234098697e0e6e750d2800941dc27470ea5f5779f82f,http://getfreeskinmlbb7s.zzux.com/login.zip,,inferred
2020/202010/ghostcrtv.com (eTransfer.zip)/eTransfer.zip,11038380,18442e9e0fca5346e0f4b94db28e46dc839568e7,9c4c571e33dc374b8d225238c932a00d0c1f8c7b8ea1e24795fb6a2fc070478a,http://ghostcrtv.com/eTransfer.zip,,inferred
2020/202010/iesebastianbelalcazar.edu.co (Linkedin.zip)/Linkedin.zip,21314,7c6d59392054d8ce18ea3ce1af3d79a488b70ab8,8127b728734fef3e1d89ef09549d54fd9fc5f679cfd8526184839b177444390a,https://iesebastianbelalcazar.edu.co/103/Linkedin.zip,,inferred
2020/202010/jundiaimoveisplanejados.com.br (16018959455840910001601895984828011000_content.zip)/16018959455840910001601895984828011000_content.zip,417143,327224b58d72bf0e98f890573d76fe3e32f7a450,d7afaba74ff4493608ff13df6d72cad5903038ebcce7c022c525fba9a6eb9fdc,https://jundiaimoveisplanejados.com.br/Xx/16018959455840910001601895984828011000_content.zip,,inferred
2020/202010/learnd0c.com (straighdropbox_1.zip)/straighdropbox_1.zip,3465560,85d6565d579545c5e0fc95fac889319325ed0396,3e4ef0733412032f5c2406e5d4679aeb75de7b54c47bda5c75d3d964bb82dd22,https://learnd0c.com/fil/straighdropbox_1.zip,,inferred
2020/202010/leschosesavoir1.com (11c887c924fbf159f8f1b8505be73a851586197374.zip)/11c887c924fbf159f8f1b8505be73a851586197374.zip,6218931,9772d1ad20c97f7c6d2d3d79fadc3b8fbd921df3,0176256caeec62fc7a9d3267d78d7c74351a39d159b4b16b3b6e0c2ab3ac0258,https://leschosesavoir1.com/wp/11c887c924fbf159f8f1b8505be73a851586197374.zip,,inferred
2020/202010/live-hsbc-service.com (hsbc.zip)/hsbc.zip,7805543,ffc110cc1da1d502fedef4ae9683e6da5313beff,7bb99072b1d35612861de0f52a79ee392cdf4dad4decadb263baff0dd2d7e0d8,http://live-hsbc-service.com/hsbc.zip,,inferred
2020/202010/netflixauth.cc (HMRCJUMANJIe.zip)/HMRCJUMANJIe.zip,13391819,8fb0bcc0c9b4a876627ea32e2fe25977255a671d,366ebb52ea0846449f29a3a204f8558dd7e498fec4a34f9758f8bbc152471138,https://netflixauth.cc/HMRCJUMANJIe.zip,,inferred
2020/202010/ng.soxxbox.com (New-outlook.com.zip)/New-outlook.com.zip,781227,1150fb95fe10979db3041661d1ffaa1c0583ea88,8285d015d4eb9cca975f85b292b6e5e43fe9766e1919e03d9313ada73564c5cf,https://ng.soxxbox.com/nmb/New-outlook.com.zip,,inferred
2020/202010/nwstyles.com (newcam.zip)/newcam.zip,24948128,3a92231183a7c31eb37ca2705fbc00be8b9a383a,39df0e811ef95eacac4bed773ec071a6fb575ab456389f4eabc25e1f2fe1e293,https://nwstyles.com/newcam.zip,,inferred
2020/202010/office365.myduranduran.com (officeslala.zip)/officeslala.zip,1142924,c18eff85cb57c471d956e47ed06da0b3a0629741,8ff8f5df2a40e6e9db03d20ee044ae063a49ab1bdd6d713d14a6a550d38b7801,https://office365.myduranduran.com/officeslala.zip,,inferred
2020/202010/paypal-helping-11.colombianshaper.com (rest.zip)/rest.zip,1314661,3a9e6984a4dfd0d4918c3e428cf30d77120a2648,2d1a8c196df45f26cd2ed9f6373f7a8035d1c3a9d4a7a100a05fe30e7c40fd49,http://paypal-helping-11.colombianshaper.com/rest.zip,,inferred
2020/202010/paypalupdate.osamaalshareef.net (costumer.update.account.zip)/costumer.update.account.zip,1438343,40dd4e75f2bcf61259bcef5a7b606d6eec21e2ad,a60b87ce09545749cc254aac6283d23c6289142337eaffd181c28cd8215789a0,http://paypalupdate.osamaalshareef.net/costumer.update.account.zip,,inferred
2020/202010/sportclubmackenzie.com.br (linkedinn%20(1).zip)/linkedinn%20(1).zip,48346,843fb13801aa3b4ee8725d33528e45e6cd50d7d2,35dae0ae3edac77074e7b76fed32e8dc8f6b328006f184e33579131d26079bd6,http://sportclubmackenzie.com.br/iii/linkedinn%20(1).zip,,inferred
2020/202010/twitchyclosure.com (wellsfargoini_aspx.zip)/wellsfargoini_aspx.zip,1405359,893a21c5195913a48efe3a1ccf40b5dbe7cfa978,abbe804642ce83720197b3cbf6afbc56e4ed7d557f8b781f84a5fa666b70c54b,http://twitchyclosure.com/wellsfargoini_aspx.zip,,inferred
2020/202010/www.bargainnsbagsfqz6.com (linkedinnew%20(1)%20(1).zip)/linkedinnew%20(1)%20(1).zip,47383,a4c354155e5344ee044d519a8392814f2d8c0c08,4ddf71ccdaba4dbca1fafbf5fc80ade6ff7627f70b40398216351a0357784e55,http://www.bargainnsbagsfqz6.com/linkedlinsingin/linkedinnew%20(1)%20(1).zip,,inferred
2020/202010/www.cronaart.com (facebook.zip)/facebook.zip,175358,0a93daaca183b6489523f3a966e6d076d35a3a4c,28bf25f2719978bc06178ddff539a272739c6bca8d47dffd89d4f39aeb047f07,http://www.cronaart.com/fb/facebook.zip,,inferred
2020/202010/www.exclusiveautosalesyork.com (microsoftoffice_auto%20(2).zip)/microsoftoffice_auto%20(2).zip,706188,89940c5edf3b54f39c61cfa35782f6ab899888b9,6e5f3ae49018bf333ef84ce48c4a26ec2bb5a40e3889465dd8bb535b67f28d17,http://www.exclusiveautosalesyork.com/alla/microsoftoffice_auto%20(2).zip,,inferred
2020/202010/www.omegacontractor.co.uk (Netflix.zip)/Netflix.zip,978583,d33c7c4b804c11ad14a7b37db9a66c7a761125c8,8342d5be8c471b8b9c6837728edfe5c93fef65b256ce6a46fe5296ef3cc11902,https://www.omegacontractor.co.uk/Netflix.zip,,inferred
2020/202011/1e4358ccea3604280.temporary.link (netflix.zip)/netflix.zip,489131,02b35fc094ec604cc586dceb9c36256ab9d91889,6dd6503476b36c4e0ce51b3029cef0262892533380c259e4e7e7f30a0641360a,https://1e4358ccea3604280.temporary.link/netflix.zip,,inferred
2020/202011/accounts-netflixnl.com (nl.zip)/nl.zip,701128,6187e4c5ad0c6141c0bba58d4c25e061c16bc73b,249702c1c21cd0c98163ff40ba7fe14223ac83cf5133be3670fa495d6ccd6576,https://accounts-netflixnl.com/nl.zip,,inferred
2020/202011/alphadental.co (LinkedIn.zip)/LinkedIn.zip,32630,2a9916b002a8656f2cee14bb40e860f53415db65,8161d712b826e3363e3724b08d223ce8fcc3d6e6ab0d23c7e33434e64fcc065c,https://alphadental.co/LNKD/LinkedIn.zip,,inferred
2020/202011/augmentedreality.sk (Netflix.zip)/Netflix.zip,277783,8af3f1cebeb0ce2d340baaea5731370d56dfbc6b,15c3568cac6977bf0e5703944c4d56cd5cb479cb09286bfb02a8a6037e640433,https://augmentedreality.sk/public/js/netfli/Netflix.zip,,inferred
2020/202011/bankia.particularesseguro.com (lstbkia.zip)/lstbkia.zip,4581596,b333423ce8c5190d5ab9514c37322ff8f058c859,c4d9fcf98f8f4084aaa86589ddcf700d14e2cc2acbde29a6623e9ce85058abbd,https://bankia.particularesseguro.com/lstbkia.zip,,inferred
2020/202011/bestwebhostingreviews.xyz (amazon-de.zip)/amazon-de.zip,1458186,4ef72abf1ca3698c8457113731034c0ca6569c5c,caa128646986e4d20654965c9123ae3146fa70e563329a2042485e6547e7a2b4,https://bestwebhostingreviews.xyz/wp-content/themes/twentytwenty/classes/amazon/amazon-de.zip,,inferred
2020/202011/delkron.com.ar (0ffice.zip)/0ffice.zip,309997,77616a529186da38a8b1428ac435ae53504cca10,577aa9e5dd0097213f0985d8212021e1255369abd6849b7520d74d700cd9fe14,https://delkron.com.ar/ZOO/0ffice.zip,,inferred
2020/202011/dentistatucuruvi.com.br (Amazon16.zip)/Amazon16.zip,6303525,65549eb00b6c4a5575c43f2ddbb9e4ff23d79dde,05ce60269759c4ec89b70345e1066e20079eb504460b73a4f2f59550426fa21a,http://dentistatucuruvi.com.br/AWS/Account/Amazon16.zip,,inferred
2020/202011/f0482698.xsph.ru (Paypal.zip)/Paypal.zip,8280,0ea98f53eb402ce06284175e0447473100b19d51,3ab567f28c5c82cc10630d1266b07c29db947e6c3bb398b483f030226234ed07,http://f0482698.xsph.ru/ttttttt/Paypal.zip,,inferred
2020/202011/geminisoulsessons.com (office%20page.zip)/office%20page.zip,4582348,d11b1b979a896410870c4311e301e6e389f586af,c3caf2ad532a31f2153f8e8bf4fda94e64122d0548edd097be1975507fc28eba,https://geminisoulsessons.com/.log/.office365/login/office%20page.zip,,inferred
2020/202011/geminisoulsessons.com (office365-RD40.zip)/office365-RD40.zip,4593760,218edeb4e39980ce7b9d9a7201829a1c9bfddb8a,1b9101871142537ff77dd57a1f4200ecb8818e38e4375ee367c7ba7bb48b0442,https://geminisoulsessons.com/.log/.office365/login/office365-RD40.zip,,inferred
2020/202011/getcodes.online (gc.zip)/gc.zip,9110,5436c71d506679edbbf1a9e235b30bad103a61a2,66c8439a319431692d7106ff64eeffbfe1b0e1bc0fb1a20ff30c832ddcbea715,https://getcodes.online/gc.zip,,inferred
2020/202011/google.mexweb.com.mx (Gdrive.zip)/Gdrive.zip,52224,346792610c4f120de2bf84452a8fcc66e96ff672,1f74b59ef7adc6021ea845c794ad7e543d42e5d94798741c369de31977952121,https://google.mexweb.com.mx/Gdrive.zip,,inferred
2020/202011/hollywoodandwine.net (linkedin-normal.zip)/linkedin-normal.zip,45277,36087a585fde6afe84ea0fc9d0f6ffc8a7cf847c,8b52ac04f9978a52c306c10842063e20c87fdd7c9c33633d29bc2f96b2c6ba9d,https://hollywoodandwine.net/wp-includes/assets/link/linkedin-normal.zip,,inferred
2020/202011/netflix-help-support.com (htdocs%20(4)vip.zip)/htdocs%20(4)vip.zip,546593,60ae20a38994486a038830b87c6bf7d38e21fdf4,28eb97fde7543a5adba2922f591bd487fbb4a8830353c0ea6a87490447c33a6c,https://netflix-help-support.com/htdocs%20(4)vip.zip,,inferred
2020/202011/netflix-login-update.com (htdocs%20(4)vip.zip)/htdocs%20(4)vip.zip,546593,60ae20a38994486a038830b87c6bf7d38e21fdf4,28eb97fde7543a5adba2922f591bd487fbb4a8830353c0ea6a87490447c33a6c,https://netflix-login-update.com/htdocs%20(4)vip.zip,,inferred
2020/202011/netflix.supportverificationdsjk8e09ew98ew.paraschou.design (netflix_by_shadow.zip)/netflix_by_shadow.zip,523049,a07da363a8ce5bfcd03e5d5c57e372ce74d00a15,e105a47597807b4dec2a565cce64fd32463060c8f41a124c5dc783321ac43105,https://netflix.supportverificationdsjk8e09ew98ew.paraschou.design/netflix_by_shadow.zip,,inferred
2020/202011/netflixhomeupgrade.com (htdocs%20(4)vip.zip)/htdocs%20(4)vip.zip,546593,60ae20a38994486a038830b87c6bf7d38e21fdf4,28eb97fde7543a5adba2922f591bd487fbb4a8830353c0ea6a87490447c33a6c,https://netflixhomeupgrade.com/htdocs%20(4)vip.zip,,inferred
2020/202011/netflixloginhome.com (htdocs%20(4)vip.zip)/htdocs%20(4)vip.zip,546593,60ae20a38994486a038830b87c6bf7d38e21fdf4,28eb97fde7543a5adba2922f591bd487fbb4a8830353c0ea6a87490447c33a6c,https://netflixloginhome.com/htdocs%20(4)vip.zip,,inferred
2020/202011/ni.nricardio.org (wellsfargo(1).zip)/wellsfargo(1).zip,23665,7968b69dad3c95c4031cd15355f9cf076538bb1d,26700233e24fb020e2ac09b25e93cae78523fb75ce6933b55046ffc769b991ec,http://ni.nricardio.org/https/www./wellsfargo.com/wellsfargo(1).zip,,inferred
2020/202011/paypal.id-login-server.com (PayPal%20V1.zip)/PayPal%20V1.zip,6674851,9907275f25fc348a07cc1b91f9ae4cf4ed5e7a9f,2f92a61bee7934860392157455329755288279514d4f2ec9801dd71b511a65db,https://paypal.id-login-server.com/wp-admin/ky-verification/PayPal%20V1.zip,,inferred
2020/202011/paypal.id-login-server.com (xGlockV_1.zip)/xGlockV_1.zip,726822,27142280691354b9586d928b39b211e705839aa7,36b807c235c15193439580bebeeddf5e4d89afd714c71ebfee2fce10dc37600a,https://paypal.id-login-server.com/wp-admin/ky-verification/xGlockV_1.zip,,inferred
2020/202011/retrobeauty.org (wellsfargo.comV2.zip)/wellsfargo.comV2.zip,2565124,628cec3bc00e558fed99de67dc23e9e1e21c3530,15463e02e925ba47937db9c89ad969a7834395531fbf306fd9eb7971a9eb2e24,http://retrobeauty.org/wp-content/plugins/fighter/wellsfargo.comV2.zip,,inferred
2020/202011/secure-netflix01.servehttp.com (netflix3.zip)/netflix3.zip,982696,19f58689922e79516e64bf40d67d0e869cbe868c,9a163ef32010649431f2ac108ac72e42007b19344cd9aecdca8a6d8cb1fe9e8f,https://secure-netflix01.servehttp.com/netflix3.zip,,inferred
2020/202011/servicepaypalnet.ddns.net (4_6042084340458850037.zip)/4_6042084340458850037.zip,2899781,52b10ecbb376e0e1c341155214ca7257af49fcb1,ab6b804d8e11e79d6c4bb2927022ebd5978c44acd043d28999e9111c27e5af81,https://servicepaypalnet.ddns.net/4_6042084340458850037.zip,,inferred
2020/202011/sherylswannvddd.com (pages%20-%20Copy.zip)/pages%20-%20Copy.zip,2380648,d2de3c204b86f6d6ec7272e19c3e6131bb05cce0,eb12bbb7d39c8b33d8e0f74d8668d3d6406f254dfc340940603944030a13ad2c,http://sherylswannvddd.com/line/pages%20-%20Copy.zip,,inferred
2020/202011/sotelmeg.win (linkedin-new2.zip)/linkedin-new2.zip,15311,84a18dbeb1cf233d01bc6194ac97f9b1e282549d,b6d7b276e329eb9296b31f664ed06bf8d435e117452150128c9bcb11fd672032,http://sotelmeg.win/wp-content/themes/twentyseventeen/inc/linkedin-new2.zip,,inferred
2020/202011/support.appled.68576645.com-permenwangipenyegarmulut01.com (16Shop-Apple-V2%20(3).zip)/16Shop-Apple-V2%20(3).zip,16665629,392305568dd2c4daa6d1f634009c55db4bd61053,94998678d9dbf17f0b9eb85bdfd35166c97caeacc681a20db3a95a0c12109cca,https://support.appled.68576645.com-permenwangipenyegarmulut01.com/16Shop-Apple-V2%20(3).zip,,inferred
2020/202011/tokitch.com (linkedin-new2.zip)/linkedin-new2.zip,15311,84a18dbeb1cf233d01bc6194ac97f9b1e282549d,b6d7b276e329eb9296b31f664ed06bf8d435e117452150128c9bcb11fd672032,https://tokitch.com/wp-content/YES/linkedin-new2.zip,,inferred
2020/202011/westtexasoffroad.net (linkedinnew%20(1.zip)/linkedinnew%20(1.zip,47383,a4c354155e5344ee044d519a8392814f2d8c0c08,4ddf71ccdaba4dbca1fafbf5fc80ade6ff7627f70b40398216351a0357784e55,http://westtexasoffroad.net/bnaira/linkedinnew%20(1.zip,,inferred
2020/202011/www.covid19obstructor.com (new.zip)/new.zip,2454079,cfc1898e1b87d643f1fc7a3a0045b6591b43f1d7,f6fc1b74d7664fa8ffdeba690c00a580ad185d28164cec66d8be5836541e0b0a,https://www.covid19obstructor.com/WI/new.zip,,inferred
2020/202011/www.gladysautoglassla.com (microsoftoffice_auto.zip)/microsoftoffice_auto.zip,706188,89940c5edf3b54f39c61cfa35782f6ab899888b9,6e5f3ae49018bf333ef84ce48c4a26ec2bb5a40e3889465dd8bb535b67f28d17,http://www.gladysautoglassla.com/Inv0984/microsoftoffice_auto.zip,,inferred
2020/202011/www.kangaroozinternational.com (net.zip)/net.zip,1000853,aec10443f7f90f24bd86c3796f2f5fb96a953a11,83e18e9c8eceac1490fa5ed8fd88837bcd51e9db4127dc172cd549efcca2d102,https://www.kangaroozinternational.com/.well-known/pki-validation/net.zip,,inferred
2020/202011/www.sportclubmackenzie.com.br (linkedin-new2.zip)/linkedin-new2.zip,15311,84a18dbeb1cf233d01bc6194ac97f9b1e282549d,b6d7b276e329eb9296b31f664ed06bf8d435e117452150128c9bcb11fd672032,https://www.sportclubmackenzie.com.br/xcx/linkedin-new2.zip,,inferred
2020/202011/www.thecoronavirusobstructor.com (ofc3.zip)/ofc3.zip,2321834,ecf1ff59314885b08b825a7559323ee24065632f,66cc23cb7a38ca96c9e9ee8cf88fb10b931efd167201720a6d76ad639ac224b8,https://www.thecoronavirusobstructor.com/ofc3.zip,,inferred
2020/202012/acsasphalt.com (linkedin%20new.zip)/linkedin%20new.zip,47383,a4c354155e5344ee044d519a8392814f2d8c0c08,4ddf71ccdaba4dbca1fafbf5fc80ade6ff7627f70b40398216351a0357784e55,http://acsasphalt.com/sss/linkedin%20new.zip,,inferred
2020/202012/alkhebradriving.com (count.zip)/count.zip,59603,c27b4ca7604c657a5c3937d3ea0f6fd6230270bc,17ab62c1aeff08a7d3a73da0a000e8e5dfd7e5703bfd0887c99ba5f756212058,http://alkhebradriving.com/TMG/count.zip,,inferred
2020/202012/appleauthentication.d-night.nl (Apple2.zip)/Apple2.zip,3296567,c61bdf1ecd1feaee5ab71ddc661d9e468db0d209,7347eb0c97a03bb73262f9e58352cfe1862ceaf0d72938a24411253488706374,https://appleauthentication.d-night.nl/Apple2.zip,,inferred
2020/202012/bankofamerica09support.duckdns.org (BofA.zip)/BofA.zip,180119,e4ea29a0d7fcb2bad3fec2c66e95770d783554fc,9ac62f5cb8ba9fcb2fc92b0c08afa5588cf28c97340d0811f3e3f07760696c0d,,,
2020/202012/boativ.com (0ffice.zip)/0ffice.zip,309997,77616a529186da38a8b1428ac435ae53504cca10,577aa9e5dd0097213f0985d8212021e1255369abd6849b7520d74d700cd9fe14,https://boativ.com/ZXO/0ffice.zip,,inferred
2020/202012/brinkx-ray.com (Office365v4%20(1).zip)/Office365v4%20(1).zip,1330448,1b20bf13953dc44a03c8cfddb922c711023960a1,06bc089b531e7d66415514ba7819b7500ed4f3a6f7525af2541b608873822c76,https://brinkx-ray.com/includes/Office365v4%20(1).zip,,inferred
2020/202012/correos.es.epostal.revser.com (core2.zip)/core2.zip,465720,19a062522cd12c19b086ea08cdffa94712a196ca,60c23e24d36ba42edd4c30fe7b065a7507fe1e6204a15ba0460911a7a6253ff3,https://correos.es.epostal.revser.com/core2.zip,,inferred
2020/202012/dentistatucuruvi.com.br (Amazon16.zip)/Amazon16.zip,6303525,65549eb00b6c4a5575c43f2ddbb9e4ff23d79dde,05ce60269759c4ec89b70345e1066e20079eb504460b73a4f2f59550426fa21a,http://dentistatucuruvi.com.br/AWS/Account/Amazon16.zip,,inferred
2020/202012/deskinformationamazonhelp.iapnashik.com (help.zip)/help.zip,973051,30c7c0497c330ed9be93cf173ac3bec70763b8e2,b1ca19f8b3a2f38e4731db4e450e9a56db77772ae458090b8a9a11506c599401,https://deskinformationamazonhelp.iapnashik.com/help.zip,,inferred
2020/202012/din.konto-apple-ld.pay.dk.revser.com (apple-dk.zip)/apple-dk.zip,1175596,f450db927879b50d358c424ba2e870af0e2cd1cb,8d5ec4ed450e3b61ece2708683bf4b940391fe4b5fff99d315415e37f0a2e141,https://din.konto-apple-ld.pay.dk.revser.com/apple-dk.zip,,inferred
2020/202012/extinctcompact.com (Secure.zip)/Secure.zip,50506,5d48386734f467e172d7dd491b91041d70c3b1e0,8cbd80814790782ff1b105a70247ed34d754cf76815c26fdcadea23f9113404c,http://extinctcompact.com/office365/Secure.zip,,inferred
2020/202012/facebook-autentica.redirectme.net (fb.zip)/fb.zip,65526,d17fbb4a7853099df30eb7f83b1afd9e35d0bbab,709d03c09eb2152daea305dd1a64b40f7774de5e478cfbfa92d6a0733a29dba4,https://facebook-autentica.redirectme.net/facebook.com/fb.zip,,inferred
2020/202012/facebook-autentica.sytes.net (fb.zip)/fb.zip,65526,d17fbb4a7853099df30eb7f83b1afd9e35d0bbab,709d03c09eb2152daea305dd1a64b40f7774de5e478cfbfa92d6a0733a29dba4,https://facebook-autentica.sytes.net/facebook.com/fb.zip,,inferred
2020/202012/facebook.com.login.casa (cgi-bin.zip)/cgi-bin.zip,1684746,948ecccc2646a3e072d9fdca6ead31c54859f7e3,412a7efc49a6fd2a9075d5c068c2fc5a66bc2920612157a93b46b2b608b58ea5,https://facebook.com.login.casa/cgi-bin.zip,,inferred
2020/202012/getcodes.online (gc.zip)/gc.zip,9110,5436c71d506679edbbf1a9e235b30bad103a61a2,66c8439a319431692d7106ff64eeffbfe1b0e1bc0fb1a20ff30c832ddcbea715,https://getcodes.online/gc.zip,,inferred
2020/202012/homedecor-shop.com (fb.zip)/fb.zip,100438,3e4e7cbaa985b7aa8b0ee5c5369ede143b5eb268,f2ef2ec7bce968a1a430f57df2604e131e43fb90559a3684c25e65834dc9cbff,https://homedecor-shop.com/wp-admin/Facebook/fb.zip,,inferred
2020/202012/iskolar.dost6.info (ae.zip)/ae.zip,771209,86f7f3a08b108c40245f3be5730998f630719fdd,13c1384cd761db02bae0980de521803b2291a5109dcf9cc99ac32a730ccf72bd,https://iskolar.dost6.info/wp-includes/ID3/ae.zip,,inferred
2020/202012/login-microsoftonline-reviewsharepoint.duckdns.org (Spox_V5_Reloaded.zip)/Spox_V5_Reloaded.zip,4833701,3252d2a71eff2cf507220c095c19c4cb86d5b719,ea4e6723c14d0bba02a525fc0076ddb52ddd765176d6b5124a30e861952c5ffe,https://login-microsoftonline-reviewsharepoint.duckdns.org/A/Spox_V5_Reloaded.zip,,inferred
2020/202012/login-microsoftonline-reviewsharepoint.duckdns.org (microsoft-4D11.zip)/microsoft-4D11.zip,2808661,2cb6142e0944bf42e3534dbea682d5660e73ba3c,8cb795f7fea8e1d6744f1fceb5f4c7e2b80c3295b9f1fe6a2d41646c70ddc459,https://login-microsoftonline-reviewsharepoint.duckdns.org/A/microsoft-4D11.zip,,inferred
2020/202012/login-microsoftonline-reviewsharepoint.duckdns.org (xbalti%20v4.zip)/xbalti%20v4.zip,1975176,3546949e91efd0af73eb3c02f409cd45e8309986,80c92758ebff51b3eda174746847b9169b65c67f185e01416b3836420edaec34,https://login-microsoftonline-reviewsharepoint.duckdns.org/A/xbalti%20v4.zip,,inferred
2020/202012/myapple.xo.update.secure.true.openyourideastr.id (ro%20(2).zip)/ro%20(2).zip,841916,27ffef1872d284d0c54f5658867c4fa624ab590f,aa4151c30c77ebea10c544bbdc2a527a306a5d67be5b6f7e238befabd1b91685,https://myapple.xo.update.secure.true.openyourideastr.id/ro%20(2).zip,,inferred
2020/202012/ncloud-p.fr (signin_captcha.zip)/signin_captcha.zip,247888,0b53b2a81ce5fef6ffceb1ae728aaad9e7987e24,50f8fef9f9fbe1a86689b344fe45a427e03a0cc82bab31c2c0062dfb8c14982b,https://ncloud-p.fr/signin_captcha.zip,,inferred
2020/202012/netflixinc.info (NETFLIX.zip)/NETFLIX.zip,125568,d2e574510f3c5069afd8fb2055bdb29d82a49cbd,b514fc66998bf5becc97264f105d3ece324737bec8b6fb66f4920d8db8dde017,http://netflixinc.info/NETFLIX.zip,,inferred
2020/202012/philadelphiaout.com (Bank%20of%20america%20scam%202020%20%20Scampage.zip)/Bank%20of%20america%20scam%202020%20%20Scampage.zip,682177,675395a2081063ce2a5fb025b9578943539d1961,086e4f297fd3185c01479b9db13a48c29b0684f933b28ba267c40365e5e78676,https://philadelphiaout.com/bankofamerica/Bank%20of%20america%20scam%202020%20%20Scampage.zip,,inferred
2020/202012/premiumboxes.com (linkedIn.business.zip)/linkedIn.business.zip,25353,6000d68a27a8329ce3b8d1abf180821ea4205633,aebcecdcf391fbcd9f8d37978b311c742cc96365a90a00cee7504a3a2c15833c,https://premiumboxes.com/hbn/linkedIn.business.zip,,inferred
2020/202012/renasur.com (true%20(1)%20-%20Copy.zip)/true%20(1)%20-%20Copy.zip,30448,071888a25a265ffe2c0f22dc4015e1dc2940c4c4,95a5e826100417c49e24db9148c5c7a102e077ea0b835522d2425e16606196dd,https://renasur.com/oll/true%20(1)%20-%20Copy.zip,,inferred
2020/202012/saldanhabay.com (facebook.com.zip)/facebook.com.zip,17030,9ee759a88289da2e3e1ef210d590063fb394c640,e9a11f84b87d52bdcafc315c2031f70f7aa43b5727e81318627ed082f5fbb208,https://saldanhabay.com/facebook.com.zip,,inferred
2020/202012/scotiabank.com.personal.banking.davidtrenow.co.uk (dh.nova.scotia.zip)/dh.nova.scotia.zip,610154,25b1f0470de9a9a7aff4c83a0d1a8dbeecd02136,f3a16eba0693d3b26337180d7ffafd0de3450a412e76c74b0007a94b21c6207b,https://scotiabank.com.personal.banking.davidtrenow.co.uk/dh.nova.scotia.zip,,inferred
2020/202012/securedirect-paypal.myvnc.com (PayPal.zip)/PayPal.zip,2489262,6aa52520e3321574c4c1b5db3d6704ed1852d1e6,7686d2eeb989ef608a1687d9dd1e5f39d73674dd674d8174c07a5c877732c759,https://securedirect-paypal.myvnc.com/PayPal.zip,,inferred
2020/202012/servicefyintlpaypal.ddns.net (xGlockV_1.zip)/xGlockV_1.zip,726822,27142280691354b9586d928b39b211e705839aa7,36b807c235c15193439580bebeeddf5e4d89afd714c71ebfee2fce10dc37600a,https://servicefyintlpaypal.ddns.net/xGlockV_1.zip,,inferred
2020/202012/sneaksandtreats.com (dropbox.zip)/dropbox.zip,5622383,49978efac29b92c7263ac1f947f714ea8286143b,802f71b5e080a9f6921d84a14bb05d389436f1dcdd01c29bbcdeb1ec76f29d98,http://sneaksandtreats.com/default/dropbox.zip,,inferred
2020/202012/telasroca.com (b2020123.zip)/b2020123.zip,2022435,0fdf4453fde1532b7965cb2ccab9f0e9818b0bb4,82ab2ed9eafdbc205dcb4433ec6c544bbe178d521b25634bd7814e9d490d2213,http://telasroca.com/wp-includes/fonts/b2020123.zip,,inferred
2020/202012/tnb2b.biz (Netflix.zip)/Netflix.zip,277783,8af3f1cebeb0ce2d340baaea5731370d56dfbc6b,15c3568cac6977bf0e5703944c4d56cd5cb479cb09286bfb02a8a6037e640433,,,
2020/202012/tony2.mediosefectivos.co (linkedin%20new.zip)/linkedin%20new.zip,47383,a4c354155e5344ee044d519a8392814f2d8c0c08,4ddf71ccdaba4dbca1fafbf5fc80ade6ff7627f70b40398216351a0357784e55,http://tony2.mediosefectivos.co/pro/linkedin%20new.zip,,inferred
2020/202012/verification.com.amazonhelpdesk.cloudns.cl (red2.zip)/red2.zip,831019,4c9a9060af67c9560db9d2e2df2ad7120d9c4795,390aa4900e48d20c256f81ea018234575721354cff909706759460dee8bb00cf,https://verification.com.amazonhelpdesk.cloudns.cl/red2.zip,,inferred
2020/202012/www.chhotumaharaj.com (facebook.zip)/facebook.zip,79969,140ed7a723bb2e44c1d684cf15382a7b8df588b9,fe043269d0341a29bae140e926a8d9d4503eaf2a949c60a554f46fd1a28c5d38,https://www.chhotumaharaj.com/public/emailer/facebook.zip,,inferred
2020/202012/www.firmaelectronicasantander.splendideventsllc.org (gruposantander.zip)/gruposantander.zip,4189405,6334ebc312aae83f9349f0162e7fa478330815fa,4e871b8fc5c83a90a8609ba11975f1a1c4bdd74e4d7be1f98dd988f26f6d97ae,https://www.firmaelectronicasantander.splendideventsllc.org/gruposantander.zip,,inferred
2021/202101/8classresult2020.pk (WellsFargo.zip)/WellsFargo.zip,866914,d4c99ede93f2e01ebdbfaefc6c55337d8cae22fc,2b879be938fbcf62974f8dc11fbc58d22317c1eccfcb365506ad2b1ac9ae9fef,https://8classresult2020.pk/wellsfargo/WellsFargo.zip,,inferred
2021/202101/achievegeneral.com (donido.zip)/donido.zip,73110,8ff3073372d38c0f69f3b024816633438a02519a,1ab2224e8034ad04a2743700c96b3eae9d8f0011009b1b5dc5c828f8f184d7f7,https://achievegeneral.com/jx/donido.zip,,inferred
2021/202101/awmarketing.com.br (weTranser_edited.zip)/weTranser_edited.zip,1231401,ed53afab132aff9832dd2af94fa7c212a8213533,44bfa91cc9f567c7bc12ad5e82f8cce863ed4da859c377771fd457ec07f510f3,https://awmarketing.com.br/adb/weTranser_edited.zip,,inferred
2021/202101/esscentoils.com (FBG.zip)/FBG.zip,714425,fe13d3cf5cd910a755325396543b6185c74a7351,dbff90db0adeb75bb0182c04aa0bf01661fbef7ce124f6cdb4e4231a944ddffa,https://esscentoils.com/SPINDOX/FBG.zip,,inferred
2021/202101/famenator.in (amex_FULLZ.zip)/amex_FULLZ.zip,2261027,bd0821fd01e2327b33bcd5884781ba1c31bb7286,2d54681ba9178f475accf89c2e0c1fd8fec17e63034ed1dfb32af64855a1b8e5,https://famenator.in/wp-content/amex_FULLZ.zip,,inferred
2021/202101/glowdisk53.xyz (hhotmail.zip)/hhotmail.zip,352992,b2206b0fce885a725a5b5cfa096271e126b3ac38,8356d35efcdfab6896977d42e5a88715058c3b15ac81f870167735c1fefdc847,https://glowdisk53.xyz/cso/hhotmail.zip,,inferred
2021/202101/glowdisk53.xyz (hhotmail.zip.zip)/hhotmail.zip.zip,353166,5f8d9628bb5076d11543411a62686cc07b60d39b,5d6a76fd8ba65cc328deec3054d00a0d7a27dfe249ffeb134218dba1c1a216e8,https://glowdisk53.xyz/cso/hhotmail.zip.zip,,inferred
2021/202101/gwenet.org (oneee.zip)/oneee.zip,717610,932fe20f1a9ce8e0aa6ed69e7aa1f0f285b940f0,88813195f0a4fe89c172f538da3f83f09e5c2a2c361183c50a77ae59c0842131,http://gwenet.org/oneee.zip,,inferred
2021/202101/indiatriponline.com (linkedin%20new.zip)/linkedin%20new.zip,47383,a4c354155e5344ee044d519a8392814f2d8c0c08,4ddf71ccdaba4dbca1fafbf5fc80ade6ff7627f70b40398216351a0357784e55,http://indiatriponline.com/exx/linkedin%20new.zip,,inferred
2021/202101/magisvo.com (netfls.zip)/netfls.zip,460413,baa0790e233d7b217645cdbb4175e81e6d94738e,21acd331d3157efe4417aec03a99037eeb5ce8a3bba88747a26a804c8ca100ba,https://magisvo.com/markete/netfls.zip,,inferred
2021/202101/messagesecurepaypal.duckdns.org (npdn27x0.zip)/npdn27x0.zip,276667,6f07750d3150ebf173d927ff74a2b462e4ad8e83,7ff45353bff60c9d056421dc1e97d18e0fadfa5a1201b33bbf0a1392423b329d,https://messagesecurepaypal.duckdns.org/npdn27x0.zip,not-an-archive,inferred
2021/202101/netflix-com.support-id.allstyle-bathrooms.com.au (bt.zip)/bt.zip,13183579,c4d2dc34acfa8e12a211bdb8a7f27121e3bf3ec3,f045a97daca71f286d1bb8bd9dc9ed46e6c55f4ce39a7fd40041395d604d1a0f,https://netflix-com.support-id.allstyle-bathrooms.com.au/bt.zip,,inferred
2021/202101/netflix-disabled-account.com (htdocs%20(4)vip.zip)/htdocs%20(4)vip.zip,546593,60ae20a38994486a038830b87c6bf7d38e21fdf4,28eb97fde7543a5adba2922f591bd487fbb4a8830353c0ea6a87490447c33a6c,http://netflix-disabled-account.com/htdocs%20(4)vip.zip,,inferred
2021/202101/netflix-notfification.com (important.msg.zip)/important.msg.zip,12276903,1b936a958bed8d554a55d82d652066c5d5119f35,b7e3303381e23a285ae08be083ee40a805fa286839b75469923fa21ee6533c81,https://netflix-notfification.com/important.msg.zip,,inferred
2021/202101/netflix-suspended-alert.com (htdocs%20(4)vip.zip)/htdocs%20(4)vip.zip,546593,60ae20a38994486a038830b87c6bf7d38e21fdf4,28eb97fde7543a5adba2922f591bd487fbb4a8830353c0ea6a87490447c33a6c,http://netflix-suspended-alert.com/htdocs%20(4)vip.zip,,inferred
2021/202101/netflix2093032-2093203208980970uhgjjb.jeffsimke.com (netflix_by_shadow.zip)/netflix_by_shadow.zip,523049,a07da363a8ce5bfcd03e5d5c57e372ce74d00a15,e105a47597807b4dec2a565cce64fd32463060c8f41a124c5dc783321ac43105,https://netflix2093032-2093203208980970uhgjjb.jeffsimke.com/netflix_by_shadow.zip,,inferred
2021/202101/norreply.paypal.jajaleen.com (Vagabond.zip)/Vagabond.zip,247961,4612d855b35c6528a457c97d1c28c1c2673a856f,188b8925e57e21f54b0b62d1af0394127cfd0c4a70551d2b5301667646ab7c69,https://norreply.paypal.jajaleen.com/Vagabond.zip,,inferred
2021/202101/norreply.paypal.jajaleen.com (cole.zip)/cole.zip,749132,71bbb2c8a801d305425892d8425f5dae6fbc6947,03aed5e352b2aec54538dcc5fdb5647379f125692081330b9622cbc8972b5cc0,https://norreply.paypal.jajaleen.com/cole.zip,,inferred
2021/202101/officeonlinelive.xyz (linkedin%20new.zip)/linkedin%20new.zip,47383,a4c354155e5344ee044d519a8392814f2d8c0c08,4ddf71ccdaba4dbca1fafbf5fc80ade6ff7627f70b40398216351a0357784e55,http://officeonlinelive.xyz/cg/linkedin%20new.zip,,inferred
2021/202101/paypaluser01.ddns.net (BBT&T.zip)/BBT&T.zip,1751482,05d1fca2e22e2ad74523e887d5bf179696e11eeb,a21cbee675575db74266ad476a51454391acdb189d45b084563de2f6ad74ba92,http://paypaluser01.ddns.net/BBT&T.zip,,inferred
2021/202101/prema.com.ng (office365.zip)/office365.zip,1418762,cf79e8e61d9757b768b873aaf0710b08e7d2750a,7f81cefedebd10288761c628c895691ed2a905d90a5c64e73f33a0dde6957015,https://prema.com.ng/office365.zip,,inferred
2021/202101/secure-paypall.3utilities.com (xathena-winsoft%20(1).zip)/xathena-winsoft%20(1).zip,2371228,01f37c1373af630689d0be06219e269c3e031540,6d54845cc1c002ca23bc5ab5f882cbe72b2c32fd509c7bd25b3da9e550560f16,https://secure-paypall.3utilities.com/xathena-winsoft%20(1).zip,,inferred
2021/202101/secure.facebook.case9531275843.review (appeal.zip)/appeal.zip,27885,867972263945ae1fac7458c78de455e291711fdf,a943301c523b09b0360f77b12126c77689453ce59300bd1a338eeb36f98f1a00,https://secure.facebook.case9531275843.review/appeal.zip,,inferred
2021/202101/secure.facebook.com5198349328954.com (assets.zip)/assets.zip,44906,cc44893dba93d4522e2f1a28953f154b8c65b8d4,bd839bc4e769c53b7abf3a4ebd030404a7eeb03b4ef2d950e5a094e758a91261,https://secure.facebook.com5198349328954.com/assets.zip,,inferred
2021/202101/secure.facebook.com61893781934.club (appeal.zip)/appeal.zip,571877,8887c1ece1b693f1f7892a2b9edffccf0d346073,07b33ff14534c92607b2cbf4b53e0695d0faf422e546c66935f0e50b588e57a4,https://secure.facebook.com61893781934.club/appeal.zip,,inferred
2021/202101/secure.facebook.com85734897539465.club (appeal.zip)/appeal.zip,27885,20623f1987f6457bc25f4c865a50dde23c0d7eb4,9982161a1fdf4a94b79250f6c7413221e6c1023905b41e4fb7caa9ebdb9d94a0,https://secure.facebook.com85734897539465.club/appeal.zip,,inferred
2021/202101/secure.facebook.com891275821.club (appeal.zip)/appeal.zip,27911,90917ee92586c97d1e41fb0b2155b1044bafe789,eca8a4c9cd187569af0619a8d70d66f3fe9e77c78a62feb319197a42f8f45805,https://secure.facebook.com891275821.club/appeal.zip,,inferred
2021/202101/secure.facebook.com91768437.club (appeal.zip)/appeal.zip,571877,8887c1ece1b693f1f7892a2b9edffccf0d346073,07b33ff14534c92607b2cbf4b53e0695d0faf422e546c66935f0e50b588e57a4,https://secure.facebook.com91768437.club/appeal.zip,,inferred
2021/202101/service-09paypal.duckdns.org (login.zip)/login.zip,398271,194149cc0fb0b6550ad431cea81aa20e1dbf3210,45b19cab81aff6c6a6817535227f75f20bd6ed07588d7749afd0ec1f47d63a12,https://service-09paypal.duckdns.org/login.zip,,inferred
2021/202101/snuggleexecute.com (https.wellsfargo.com.home.zip)/https.wellsfargo.com.home.zip,2393425,a78b407266e0666970ce79695332f15345e5cd0d,b12b822a95653397bf4935d945e95d78936a2d7dbe071adee97ae47cd6d682ef,https://snuggleexecute.com/wc-inf/https.wellsfargo.com.home.zip,,inferred
2021/202101/stomachsimilar.com (Office365v4.zip)/Office365v4.zip,1327871,6a8c5658dfa16b936d9868869e2f283963e7d096,290931d4578e2eae3c6299b447cb852612db73258b052d8e24a8aaa11ab78ba4,https://stomachsimilar.com/hjh/Office365v4.zip,,inferred
2021/202101/support.facebook.61234254363.club (appeal.zip)/appeal.zip,27885,bc2950cd204b0951e0d4c582e95d6cf9378670f9,4efe2671ed03455c55d15322b27d011e2f65fe77dfd8033aa05a8a40e1351365,https://support.facebook.61234254363.club/appeal.zip,,inferred
2021/202101/treyvlacewell.com (amaz%20(1).zip)/amaz%20(1).zip,3475016,63a248c0ab88570db2e04363d008e086f1dff7c6,af210514583b1eb015ac8979f4c379fd7a9979e2188b300c09b4f082a6366e73,http://treyvlacewell.com/Brittany%20Jones/amaz%20(1).zip,,inferred
2021/202101/u986435en7.ha004.t.justns.ru (apple06.zip)/apple06.zip,666409,4937a1f5f72a99d22d4aeadf54f222a4719eda91,7442922804758fcc60ccb0c56a81e49761a6e55dc3d8a136818affc70ff8a769,http://u986435en7.ha004.t.justns.ru/plm/apple06.zip,,inferred
2021/202101/verification-paypal.services-paiement-fr.fr (mftp_zip_2020_12_31_17_33_58.zip)/mftp_zip_2020_12_31_17_33_58.zip,1800610,19541df1a98ad3eebc805735cb17a21af6232e8a,4edcb2db3f4c071afb75cdf789f30e95629283fc55e3d02537bd6b9025a8aea2,https://verification-paypal.services-paiement-fr.fr/mftp_zip_2020_12_31_17_33_58.zip,,inferred
2021/202101/wecarefrisco.com (oneddrive.zip)/oneddrive.zip,704055,34eda253e866328e482bd7053b1b55248e27c061,bedbcb54a4093c7c74029615c9c2607f4bc7f847956888acbbe77bc8b7ecd075,https://wecarefrisco.com/newss/oneddrive.zip,,inferred
2021/202101/wellsfargo.accountauthentication.us (secure.zip)/secure.zip,968263,c809e24cecb4ceb54085218f6e3fafeb5ccd73b4,bc8a088e60a471f865f91def64b17ff70315402cd6975bb35f6abfd8d992025b,https://wellsfargo.accountauthentication.us/secure.zip,,inferred
2021/202101/www.ahmeddawod.com (microsft.zip)/microsft.zip,759627,d6b85d49c727bc7998685d0476d47c7a29cad338,c9f1432e0cdb91d722951c58abd4b9a8d9f4b383f4d4a5adea384664a43e6aa6,https://www.ahmeddawod.com/backup/mail/office/microsft.zip,,inferred
2021/202101/www.ahmeddawod.com (zipper-2020-12-10--23-44.zip)/zipper-2020-12-10--23-44.zip,2606652,300be2938c84448a51660281c5733fe11393ca8b,95d96df56793b596dc9b4f3372b1fe5c99255a73d8b83509bf429298b3cb9897,https://www.ahmeddawod.com/backup/mail/zipper-2020-12-10--23-44.zip,,inferred
2021/202101/www.ahmeddawod.com (zipper-2020-12-10--23-51.zip)/zipper-2020-12-10--23-51.zip,2607400,802ca606b9bb031641c9efd92489d03f6508f877,549c51b56028bff76941ac8e5a98b78f3fbc534381779001dd740792c1f910df,https://www.ahmeddawod.com/backup/mail/zipper-2020-12-10--23-51.zip,,inferred
2021/202101/www.dropboxlogonsigninxpxs.murraybridgespeedwayclub.org.au (Dropbox.zip)/Dropbox.zip,18555,7bf9c3afc0e671957f0fb8baeddc8d96a129c05c,81563ae70cf5df4623cc0d797088e614f52b363aef0866b3d3b0541257014ea7,http://www.dropboxlogonsigninxpxs.murraybridgespeedwayclub.org.au/Dropbox.zip,,inferred
2021/202101/www.monrezo360.com (deficcvv.zip)/deficcvv.zip,11816333,b18681a4a818bcacfeae845984f1f6abf9d74d03,7686601688a44ffc966dff74b130ba39a37375fb93c0ae52f34573e9f1cd227c,http://www.monrezo360.com/p/deficcvv.zip,,inferred
2021/202101/www.payplchhkis.org (paypal.zip)/paypal.zip,282335,54c8091265708c2948ea35768707194ef945f037,681c651b2ef3adf7600c49021462778d088adba4360cb806be0dfe0248c03c0f,http://www.payplchhkis.org/paypal.zip,,inferred
2021/202101/www.xcampers.no (Drop%20B(1).zip)/Drop%20B(1).zip,705986,f1c8a7a5b957f7f662027343d5a71176e1cb4b1d,5827debded2b5202760a38c16d66d0dd62a4aedc391da31298f72d6056660b61,http://www.xcampers.no/Access/preview/secure/Drop%20B(1).zip,,inferred
2021/202102/apostrophemarried.com (Secure.zip)/Secure.zip,50506,5d48386734f467e172d7dd491b91041d70c3b1e0,8cbd80814790782ff1b105a70247ed34d754cf76815c26fdcadea23f9113404c,https://apostrophemarried.com/outlook/Secure.zip,,inferred
2021/202102/apple-findmy.live (Easy%20OFFiT%20Ultimate%20ok%20629879651.zip)/Easy%20OFFiT%20Ultimate%20ok%20629879651.zip,30509667,8ce91af0e31b3f03f5210464b371f2f6b7690cc8,581f2c3c9c6ef3b67a1448be5f6298203bed11474d63cf94bfbfd2a680abad96,https://apple-findmy.live/Easy%20OFFiT%20Ultimate%20ok%20629879651.zip,,inferred
2021/202102/apple-findmy.live (ifixme007.zip)/ifixme007.zip,4931972,b80d7b5099b50c341ebc2d0633e5c5884eaf9eac,e9f0dd277700f6e6e2de51d72df04589a754b11bb84cc5cd40672bb592efd9a9,https://apple-findmy.live/ifixme007.zip,,inferred
2021/202102/apple-signin-uk-ref210298.fast-sa.net (apps.zip)/apps.zip,5500354,287e9f0c21828ca0ef5eb31e9231750680658685,db0517643858d9eb76190d0f47db848cadee492f586462380b00bc9171a02561,https://apple-signin-uk-ref210298.fast-sa.net/apps.zip,,inferred
2021/202102/bitterbudge.com (linx.zip)/linx.zip,25945,2ac3206aeb00a065aeee238636f8b5a56f6c4904,f205bf118fc8a370a34ba6f069f394e5665dbde26aa8e275ac2e987682fbe429,https://bitterbudge.com/lin/linx.zip,,inferred
2021/202102/connect.secure.wellsfargo.com.xsdg.gq (Wells.zip)/Wells.zip,2176719,14ff5e58c114444ea6477dc79b3e1fea3577449f,3f68443dd07989285aafcdc4f49cf9e231fc65de567c577948121137f0889ef0,https://connect.secure.wellsfargo.com.xsdg.gq/Wells.zip,,inferred
2021/202102/directoryentertain.com (linkedIn.business.zip)/linkedIn.business.zip,25354,637d93c103e7f0d4f4b6ee2c125a064e0ea2251e,d98604248a06f599a136cfab06f487f9e3867c5e003bde6f09f0d48fe3e7ffc7,https://directoryentertain.com/Business/linkedIn.business.zip,,inferred
2021/202102/eatableenglish.com (yang.zip)/yang.zip,50255,a18f60d0083444d6ddd5972291277882994b57ff,2429b98c83673c77020ec87e7f338a8e754fe22006543e482521132e1ea6b9ca,https://eatableenglish.com/microsoftfaxonline/yang.zip,,inferred
2021/202102/ecoachievers.in (1496807233_jajaja.zip)/1496807233_jajaja.zip,3220,9c51a6d0b063a4251df3e8555a048afff78259c3,51462879116f387a6339b6341ff30cb53842900172707683c0dac86b2eaa1d24,http://ecoachievers.in/admin/import/1496807233_jajaja.zip,,inferred
2021/202102/fleekyou.com (linkedIn.business.zip)/linkedIn.business.zip,25353,6000d68a27a8329ce3b8d1abf180821ea4205633,aebcecdcf391fbcd9f8d37978b311c742cc96365a90a00cee7504a3a2c15833c,https://fleekyou.com/kr/linkedIn.business.zip,,inferred
2021/202102/hsbcpersonal.login-systemssecure.com (hsbc.zip)/hsbc.zip,7820999,01dd9029a9f648e490b24e5124b3131c2fa2ce84,d966288ba33c81b031cd19b217e924993f28d243354e99dd2972227faa7deb59,https://hsbcpersonal.login-systemssecure.com/hsbc.zip,,inferred
2021/202102/hsbcpersonal.logins-secured.com (hsbc.zip)/hsbc.zip,7820999,01dd9029a9f648e490b24e5124b3131c2fa2ce84,d966288ba33c81b031cd19b217e924993f28d243354e99dd2972227faa7deb59,https://hsbcpersonal.logins-secured.com/hsbc.zip,,inferred
2021/202102/hsbcpersonal.secure-accountprevent.com (hsbc.zip)/hsbc.zip,7837916,5fe3b92a6f9cac956a3d357e8bccd69509395acd,c12d22c4821ae2ec9f16f71490b84fde0645224fa0c0a2640dd1ae840cd5b2f1,https://hsbcpersonal.secure-accountprevent.com/hsbc.zip,,inferred
2021/202102/hsbcpersonal.secure-accountsecurity.com (hsbc.zip)/hsbc.zip,7820999,01dd9029a9f648e490b24e5124b3131c2fa2ce84,d966288ba33c81b031cd19b217e924993f28d243354e99dd2972227faa7deb59,https://hsbcpersonal.secure-accountsecurity.com/hsbc.zip,,inferred
2021/202102/hsbcpersonal.secure-accountvalidate.com (hsbc.zip)/hsbc.zip,7820999,01dd9029a9f648e490b24e5124b3131c2fa2ce84,d966288ba33c81b031cd19b217e924993f28d243354e99dd2972227faa7deb59,https://hsbcpersonal.secure-accountvalidate.com/hsbc.zip,,inferred
2021/202102/hsbcpersonal.secure-command.com (hsbc.zip)/hsbc.zip,7820999,01dd9029a9f648e490b24e5124b3131c2fa2ce84,d966288ba33c81b031cd19b217e924993f28d243354e99dd2972227faa7deb59,https://hsbcpersonal.secure-command.com/hsbc.zip,,inferred
2021/202102/hsbcpersonal.secure-newpayeeprevent.com (hsbc.zip)/hsbc.zip,7820999,01dd9029a9f648e490b24e5124b3131c2fa2ce84,d966288ba33c81b031cd19b217e924993f28d243354e99dd2972227faa7deb59,https://hsbcpersonal.secure-newpayeeprevent.com/hsbc.zip,,inferred
2021/202102/hsbcpersonal.secure-validateaccount.com (hsbc.zip)/hsbc.zip,7820999,01dd9029a9f648e490b24e5124b3131c2fa2ce84,d966288ba33c81b031cd19b217e924993f28d243354e99dd2972227faa7deb59,https://hsbcpersonal.secure-validateaccount.com/hsbc.zip,,inferred
2021/202102/hsbcpersonal.secured-logins.com (hsbc.zip)/hsbc.zip,7820999,01dd9029a9f648e490b24e5124b3131c2fa2ce84,d966288ba33c81b031cd19b217e924993f28d243354e99dd2972227faa7deb59,https://hsbcpersonal.secured-logins.com/hsbc.zip,,inferred
2021/202102/hsbcpersonal.verify-systems.com (hsbc%20(2).zip)/hsbc%20(2).zip,7820999,01dd9029a9f648e490b24e5124b3131c2fa2ce84,d966288ba33c81b031cd19b217e924993f28d243354e99dd2972227faa7deb59,https://hsbcpersonal.verify-systems.com/hsbc%20(2).zip,,inferred
2021/202102/inesta.fr (m.facebook.fr.zip)/m.facebook.fr.zip,39778,1ffd4dc29a0d292e1494e35da5eea59146905ab6,a70d8c288ca669744f3d1cf64a0617187214e412bb4aee951dfefe24a0d1dfd0,https://inesta.fr/m.facebook.fr.zip,,inferred
2021/202102/kitomarket.com (365%20(1)%20(2).zip)/365%20(1)%20(2).zip,576911,878d353a63c728ceb4b816811ebc19d2601782f2,43b4de5c78c23595220cfa3b62a79cedf6b28a26c1e7c82c6c15186feb354189,https://kitomarket.com/commin/365%20(1)%20(2).zip,,inferred
2021/202102/netfiix.noelyne.ca (uberprufung.zip)/uberprufung.zip,2917043,288f3b6871957473018f4c29fda3f6715f5bd6b0,2b056eb4abcde5e90fe887f19989b4e6263f0b1fb0d0526553c282b0b4ba9619,https://netfiix.noelyne.ca/uberprufung.zip,,inferred
2021/202102/netflix.noelyne.ca (uberprufung.zip)/uberprufung.zip,2917043,288f3b6871957473018f4c29fda3f6715f5bd6b0,2b056eb4abcde5e90fe887f19989b4e6263f0b1fb0d0526553c282b0b4ba9619,https://netflix.noelyne.ca/uberprufung.zip,,inferred
2021/202102/paypal.com.estralo.com.br (workhardv5.zip)/workhardv5.zip,574895,e6c741f2a4a279ed22b334321c690f64cfbbdd7d,4357ed2417e93a83ecc169126c55a46a8ab373a6073d1068119a5f11486390e3,https://paypal.com.estralo.com.br/workhardv5.zip,,inferred
2021/202102/peyvandgp.com (outlook-RD114.zip)/outlook-RD114.zip,461878,7f26cbb168be5fadfe76982f2a3d327653069db5,b8c0227c1f4b64ddddf620d1eaa2fe39869a9e2097d9ba82f6622e6d1ccdaa0e,https://peyvandgp.com/stt/outlook-RD114.zip,,inferred
2021/202102/portal.esignin.bankofamerica.com.busybeesbabysitting.com.au (Bank%20Of%20America.zip)/Bank%20Of%20America.zip,1153599,fe97f23b28cef95f1018b5f440486342eabd6c29,65a96988a291fcfd76d09fb587f9ca183ec6eb04ab7d5a229e0b581884a91eed,https://portal.esignin.bankofamerica.com.busybeesbabysitting.com.au/Bank%20Of%20America.zip,,inferred
2021/202102/satboxtv.com (linkedinVerify.zip)/linkedinVerify.zip,530552,3ffbf395d6be7e03b89e14775c106ed2c601bd8a,da9ac2868c29bda1dc8b858335c14475bd8668500e0227d0247a1708e4b691cd,http://satboxtv.com/wp-content/bj/linkedinVerify.zip,,inferred
2021/202102/secure-paypaltcatvb05.ipcosgroup.com (16Shop-PP-V1.4%20(1).zip)/16Shop-PP-V1.4%20(1).zip,6169324,906a831bdfeaf2f713f63b619a8211e4279e153f,e19353fc5815fc6fec72e0db66dca7c2efbee9d58fe4e471942c07a764dc1ce0,https://secure-paypaltcatvb05.ipcosgroup.com/16Shop-PP-V1.4%20(1).zip,,inferred
2021/202102/secure-paypaltcatvb05.ipcosgroup.com (redirect_sitepass.zip)/redirect_sitepass.zip,1581,ea795d819940f5d2de1ab100b133f549f9447381,c63aefc29b8ffcb255546ce3d1e0db4a0e6c189f2515553072dae0885b297b19,https://secure-paypaltcatvb05.ipcosgroup.com/redirect_sitepass.zip,,inferred
2021/202102/secure.facebook.com51728371283543.club (script.zip)/script.zip,612168,ffc3c1471c2fbe8ac5b0738cc8226963a063dd3d,2779ff240cb894d55e56b050edca396bcf4433e637c41e6b1401acd0b0032cbb,https://secure.facebook.com51728371283543.club/script.zip,,inferred
2021/202102/secure.facebook.com5718278323.review (script.zip)/script.zip,612168,ffc3c1471c2fbe8ac5b0738cc8226963a063dd3d,2779ff240cb894d55e56b050edca396bcf4433e637c41e6b1401acd0b0032cbb,https://secure.facebook.com5718278323.review/script.zip,,inferred
2021/202102/secure.facebook.com5817328123.review (script.zip)/script.zip,612168,ffc3c1471c2fbe8ac5b0738cc8226963a063dd3d,2779ff240cb894d55e56b050edca396bcf4433e637c41e6b1401acd0b0032cbb,https://secure.facebook.com5817328123.review/script.zip,,inferred
2021/202102/secure2.paypal.login.mysevicesupported.com (16Shop-PP-V1.4.zip)/16Shop-PP-V1.4.zip,6169324,906a831bdfeaf2f713f63b619a8211e4279e153f,e19353fc5815fc6fec72e0db66dca7c2efbee9d58fe4e471942c07a764dc1ce0,https://secure2.paypal.login.mysevicesupported.com/16Shop-PP-V1.4.zip,,inferred
2021/202102/securewellsfargo2.servehttp.com (Wellsfargo.zip)/Wellsfargo.zip,532929,cd39d6e9a78cda45ebadb1b6e9f7fad191287dc8,cc71d04c31d28fef3ead39bb10a744caa19ab66df6ff23d58905c797e8e331fd,https://securewellsfargo2.servehttp.com/Wellsfargo.zip,,inferred
2021/202102/thesouthernolive.com (One%20Drive%20File%20Preview%202019%20Auto%20er.zip)/One%20Drive%20File%20Preview%202019%20Auto%20er.zip,61479,8bca487d53edb7e6befce904185bc7a17efbfb4a,26e83f52df0bdc91edfaff3e9a7577808d9e699bda7533361efade148ec7620b,https://thesouthernolive.com/made/One%20Drive%20File%20Preview%202019%20Auto%20er.zip,,inferred
2021/202102/verification.paypal.us-bankingteam.com (New%20Paypal.zip)/New%20Paypal.zip,516232,d330d47d21a37bb7d8fe5afb937519ffae1bbffa,a92d746e77cbcd0ed85482c4ecedab797c85830d753994fdc0d888b88c3f9adc,https://verification.paypal.us-bankingteam.com/New%20Paypal.zip,,inferred
2021/202102/verification.wellsfargo.id-ce4v.com (auth.zip)/auth.zip,1802684,b22ee93f0af308e5a0ba0bfbc456030dd4d45fa0,149c182063f447dfd8355bf5248c4756bc7b2f528b47438bdabe805daa67c67d,https://verification.wellsfargo.id-ce4v.com/auth.zip,,inferred
2021/202102/vitalyzeinc.com (dropboxclient.zip)/dropboxclient.zip,796049,9a3dd747af090faa5e1f15398924e2e54beca3f4,9d8f69efa07f2bd7783d62518eec646d19d6b624d8fa30f001dbfb3086dc589a,https://vitalyzeinc.com/dro/dropboxclient.zip,,inferred
2021/202102/vps55925.servconfig.com (windowsmain.zip)/windowsmain.zip,39885,a258de9007f21aacbb306d86b287914df6126024,298c7abab6fa7339099cec006d44989e4df2ac5d7f9d272afc702d69bcef3239,http://vps55925.servconfig.com/~twinfallsapplica/king/Xtinx/windowsmain.zip,,inferred
2021/202102/wp1.taraza22.z2erz.spectrum.myjino.ru (mazon.zip)/mazon.zip,2934620,23cc76712e112db9ad0c18263dc2e4955d04695a,7dcc3bdc2d2c4e017871c99f887ece80fd2a681a52230794ce3eea438004ab11,http://wp1.taraza22.z2erz.spectrum.myjino.ru/mazon.zip,,inferred
2021/202102/www.ahmeddawod.com (zipper-2021-02-17--22-10.zip)/zipper-2021-02-17--22-10.zip,2607126,60e6ef3f29280a4e53bceacb283d33a4d630ca46,c431d2b9c4389822de5bd47859e56c64b5979844bbe5f5b8bc09644c0763fa35,https://www.ahmeddawod.com/backup/mail/zipper-2021-02-17--22-10.zip,,inferred
2021/202102/www.indopump.com (MainAmazon.zip)/MainAmazon.zip,4647689,9b778968d50f63e68729d9d4a5faebc79001e4d1,12de5ecc7d6e63cd98b4d55a5ef28cbaa9b3c976f6caaa8a2f1739986a8c04f9,http://www.indopump.com/admin_indopump/images/amazon/MainAmazon.zip,,inferred
2021/202102/www.instagrams-support.coli.live (instagram.zip)/instagram.zip,156722,9331be21b0aa1b92d7ea461c98ebcf54a0886ad4,a42c227d3ceb165f7ff9156667a36592e450298a0412086d0e1e77a518a761ad,https://www.instagrams-support.coli.live/instagram.zip,,inferred
2021/202102/www.whitelinesaudio.com (0.zip)/0.zip,2461660,00f9f64b6ae850462c9607ca49f11d109c006158,1c8a430368bfd0bea80ed09b7972b48161ae55120193d2f6ad76f4be4cbaa0e1,http://www.whitelinesaudio.com/page/0.zip,,inferred
2021/202103/absolute-accessscaffolding.co.uk (office365.zip)/office365.zip,1418915,bf4f2a98e80448c12eee3fdceb59c2d2fdd97418,7baf2bf62d9d3bd68f66f5f56b27b59cb7982365e419f10d216aacb2c7d7ef61,,,
2021/202103/amigosdeverdad.org (dropbox.zip)/dropbox.zip,2593031,aa39e91775a3e6c2a9298f43500d333aa659fc2f,1156e4c47045c325b61c507691d395a85c7b8f18dec28dd8ccef09ee0f05eba1,,,
2021/202103/api.signin-paypaloverview.locolatoztoz.co (PayPal-new.zip)/PayPal-new.zip,2484372,bd038314b33cbde9f43bea44ed1b7f4033664bde,20e059c11e7b9013a987c1221dd57bf676650d5fb49a79655fa3fe6de82a4512,,,
2021/202103/boinkincrease.org (hush.zip)/hush.zip,69228,1dae5350e90933dc50090cb99b67a4dc68884e7f,a4560f1fbd3dd901853b04817afdabddb9f153bae3f5722663cb6e48a2ac8b7c,,,
2021/202103/dismissmention.com (linkedin.com.zip)/linkedin.com.zip,26998,f870998082b47560b51d9aa672c67b81128cc325,d43272ad5b451e1d3d39dcf2612bb87b106aa190dd5d86e416d02bdfddb3cb68,,,
2021/202103/eatableenglish.com (yang.zip)/yang.zip,50255,a18f60d0083444d6ddd5972291277882994b57ff,2429b98c83673c77020ec87e7f338a8e754fe22006543e482521132e1ea6b9ca,,,
2021/202103/ecopeandson.co.uk (fire.zip)/fire.zip,523596,463ca82b76cfba1e591b20e6c27d7fe2f4321bb2,b0f025b475be554ffb9eec326db89163eaf64bf3c56d9018b1d69dea0e507311,,,
2021/202103/facebook-th.ga (login.zip)/login.zip,463177,be27cf336aff50eab47e8f5c185926f2d67a6b1f,e76e6550221cd0b49d674b32cf21904f97fb995043dfad1761f9bae17c6397ec,,,
2021/202103/facebook.communicty.com (FB.zip)/FB.zip,931154,21fa13dbf2e2fe65501d6696cc849813eedaf03b,7854a6d0a2f30e68a85f56cf93c30399a550edf49621aa21b76f13bb20a27bbb,,,
2021/202103/facebookbusiness.co (Facebook%20%e2%80%93%20log%20in%20or%20sign%20up0_files.zip)/Facebook%20%e2%80%93%20log%20in%20or%20sign%20up0_files.zip,527476,3343fc6de72b0fe651af52a71215d5b2ac428d4f,22f167275162f0638cefef785e66367684af90935bd177c6c0c3702b0ca72a56,,,
2021/202103/facebookbusiness.co (Facebook%20%e2%80%93%20log%20in%20or%20sign%20up_files.zip)/Facebook%20%e2%80%93%20log%20in%20or%20sign%20up_files.zip,556810,c2b84bcbe361e52d91fe400ddfba25012b34966d,7d4681fae0db5065c9173e0413d3b35f4e262509f5a2a9b2bbd1a74920612497,,,
2021/202103/google.com.webbdev.xyz (gmail.zip)/gmail.zip,109806,368993b52764bab9ec121c4fed11d28c68f7ee78,815dd9d1d69f7bc4994c92bc1505c1ae0b206cc7121cec851c88ae6f1783829b,,,
2021/202103/hsbc.co.uk-cancel.com (RoyalMail-BitcoinM19.zip)/RoyalMail-BitcoinM19.zip,3377638,177ad86d2aca914ee7c6d633c617580933acec11,16b45cfc1f2d2b7b1702f2f2bac40b4a3688d2f7d13f50050d2887aefcacdf9e,,,
2021/202103/hsbcpersonal.alerts-secured.com (hsbc.zip)/hsbc.zip,7820999,01dd9029a9f648e490b24e5124b3131c2fa2ce84,d966288ba33c81b031cd19b217e924993f28d243354e99dd2972227faa7deb59,,,
2021/202103/hsbcpersonal.checks-newpayee.com (hsbc.zip)/hsbc.zip,7820999,01dd9029a9f648e490b24e5124b3131c2fa2ce84,d966288ba33c81b031cd19b217e924993f28d243354e99dd2972227faa7deb59,,,
2021/202103/hsbcpersonal.systems-verify-newpayee.com (hsbc.zip)/hsbc.zip,7820999,01dd9029a9f648e490b24e5124b3131c2fa2ce84,d966288ba33c81b031cd19b217e924993f28d243354e99dd2972227faa7deb59,,,
2021/202103/medical.smbtjournals.in (eddbankofamerica-service4cm1.zip)/eddbankofamerica-service4cm1.zip,463033,595f5e6b794f0fb2d9912f691ff1b2a3e5db16a4,c1b716990b02fe73ea4d929c3b5c08abef0a169522cfcaa713abf21827683900,,,
2021/202103/netflix.accounsecure.com (nfx(1).zip)/nfx(1).zip,1326913,7be984593d67660716c94533d3994b4788603ca5,f0750809a9d3d778f7f57396b4874885e8ed3941ab912dc54942f1ac12e75b88,,,
2021/202103/netflix.tattoo (vercheck.zip)/vercheck.zip,668084,f94b7ef0d5c36a3819f0bf1639d46bf282915926,f745c9a22b93cd5c6dbbbb9269e9a50685e37dc24a21603189b09626619ee746,,,
2021/202103/netflix24-7-com.accountpaymentupdate.com (netflix.zip)/netflix.zip,248760,936df86d5d177ec3e0ad343f49f7d21600f345fd,a65767b4b6f873e9780423712f322d8daa66ea9d1818b420d99b5b505489c6f9,,,
2021/202103/nevergrowers.com (updated%20Voice.zip)/updated%20Voice.zip,989467,b4cf52c2e3e1d25a42f999f48f8e574b8db99e07,8e42123c6319c63f402f16beacd552ef7c9b659b4d50ef84ddaba38b74b7175f,,,
2021/202103/nilljay.com (linkedinnew.zip)/linkedinnew.zip,47383,a4c354155e5344ee044d519a8392814f2d8c0c08,4ddf71ccdaba4dbca1fafbf5fc80ade6ff7627f70b40398216351a0357784e55,,,
2021/202103/northlondon420.co.uk (Desjardins.zip)/Desjardins.zip,710304,3a2a208b83e2a8da4f1b4eefe4c307c43439556f,2ed41166320844e2dd5c465cef406d74e674e78f63c3895caec3557fd5ee2349,,,
2021/202103/northlondon420.co.uk (National.zip)/National.zip,1540096,12c43b7530df9bba642e863ebaa8d6d6f2121552,46a7b981de60ff71d32b8a1304492990ba19e7efd89fbbef5357ca899e70a8f2,,,
2021/202104/91.138.224.107 (2.zip)/2.zip,237152,ec75937ec55825c84cca60c21ff2af44d688129d,2ce5606ebfd400352081a34b30b52f448fcce8f95046e5da32ae7c6e182390e5,http://91.138.224.107/vtigercrm/storage/2015/November/week2/2.zip,,inferred
2021/202104/91.138.224.107 (Amazon.zip)/Amazon.zip,1588178,d41a128356b19de942080e873cb28c831c58146c,5994b8fa6e9b6ed58473ac83dbb10f5dcb9c53ad47ad833fd4f0d0e5a728194e,http://91.138.224.107/vtigercrm/storage/2015/November/week2/Amazon.zip,,inferred
2021/202104/91.138.224.107 (Apple.zip)/Apple.zip,0,e69de29bb2d1d6434b8b29ae775ad8c2e48c5391,e3b0c44298fc1c149afbf4c8996fb92427ae41e4649b934ca495991b7852b855,http://91.138.224.107/vtigercrm/storage/2015/November/week2/Apple.zip,empty,inferred
2021/202104/91.138.224.107 (pvm.zip)/pvm.zip,11174,1844c5713ca6065a74ce649fd420656e161b3ef7,b270b77e17339abb4a088d10d53cf55524a094b4ce875aae4a1e247d333a470b,http://91.138.224.107/vtigercrm/storage/2015/November/week2/pvm.zip,,inferred
2021/202104/agrotumbes.gob.pe (Clean.zip)/Clean.zip,1836358,fe441be23aa505e0b6c9f6829edd63575d84cea1,ab70193cd42e8bfabdbebaad2ed667df0b0506b936f93b9470e2660a2e87b318,https://agrotumbes.gob.pe/wp-includes/ID3/Clean.zip,,inferred
2021/202104/applepaymentpartner.com (paypal.zip)/paypal.zip,39491,02ddd075c4e974832bfb52174f233bf8a7cd5a00,79ad008bd4381187dda9238e2b84ccec3f41608d12f19d0b388997f2aca596bd,,not-an-archive,
2021/202104/applepoem.com (0ffice.zip)/0ffice.zip,309997,77616a529186da38a8b1428ac435ae53504cca10,577aa9e5dd0097213f0985d8212021e1255369abd6849b7520d74d700cd9fe14,https://applepoem.com/verify/0ffice.zip,,inferred
2021/202104/bpmca.eatlbd.com (verify.p.zip)/verify.p.zip,762610,cbec00bc1db493735bc0aae50c8a1fe05ea8adc1,ec99d31bf9b0b156f268532206412e2707295fccbf0af159ada1bc14468bab0e,https://bpmca.eatlbd.com/ppl/verify.p.zip,,inferred
2021/202104/cmbspace.com (linkedinnew.zip)/linkedinnew.zip,47383,a4c354155e5344ee044d519a8392814f2d8c0c08,4ddf71ccdaba4dbca1fafbf5fc80ade6ff7627f70b40398216351a0357784e55,https://cmbspace.com/ot/linkedinnew.zip,,inferred
2021/202104/coworkingrj.com.br (file.dropbox.zip)/file.dropbox.zip,298052,a677a34cf787dc8bc0b475dccd02c88bd46f53f4,33f716721ba9c55a7785fbb7dd1d34f1713693ddbc0f06c2d6323932c65c6832,http://coworkingrj.com.br/ftphtml/file.dropbox.zip,,inferred
2021/202104/customer.paypal.restored.cemaco.vn (Summary.zip)/Summary.zip,1837799,7e585cd5e49ad4fe8c85b1efcee13a5c1a2c2ddc,dd872e25541705622cdb5ecdee15313b97ca8680a887ad5f2fd31abff864e0d7,https://customer.paypal.restored.cemaco.vn/Summary.zip,,inferred
2021/202104/dragleypreseli.com (linkedIn.business.zip)/linkedIn.business.zip,25354,637d93c103e7f0d4f4b6ee2c125a064e0ea2251e,d98604248a06f599a136cfab06f487f9e3867c5e003bde6f09f0d48fe3e7ffc7,https://dragleypreseli.com/Lin/linkedIn.business.zip,,inferred
2021/202104/f.advanceyourcareers.com (event.zip)/event.zip,0,e69de29bb2d1d6434b8b29ae775ad8c2e48c5391,e3b0c44298fc1c149afbf4c8996fb92427ae41e4649b934ca495991b7852b855,http://f.advanceyourcareers.com/ncey/5682ph5LpwmxczzLywjaLzq7ej6L1oozL37t/2/s/www.learnexcelnow.com/event.zip,empty,inferred
2021/202104/f.advanceyourcareers.com (microsoft-excel-basics-beyond-todays-top-professionals.zip)/microsoft-excel-basics-beyond-todays-top-professionals.zip,0,e69de29bb2d1d6434b8b29ae775ad8c2e48c5391,e3b0c44298fc1c149afbf4c8996fb92427ae41e4649b934ca495991b7852b855,http://f.advanceyourcareers.com/ncey/5682ph5LpwmxczzLywjaLzq7ej6L1oozL37t/2/s/www.learnexcelnow.com/event/microsoft-excel-basics-beyond-todays-top-professionals.zip,empty,inferred
2021/202104/f.advanceyourcareers.com (s.zip)/s.zip,0,e69de29bb2d1d6434b8b29ae775ad8c2e48c5391,e3b0c44298fc1c149afbf4c8996fb92427ae41e4649b934ca495991b7852b855,http://f.advanceyourcareers.com/ncey/5682ph5LpwmxczzLywjaLzq7ej6L1oozL37t/2/s.zip,empty,inferred
2021/202104/f.advanceyourcareers.com (www.learnexcelnow.com.zip)/www.learnexcelnow.com.zip,0,e69de29bb2d1d6434b8b29ae775ad8c2e48c5391,e3b0c44298fc1c149afbf4c8996fb92427ae41e4649b934ca495991b7852b855,http://f.advanceyourcareers.com/ncey/5682ph5LpwmxczzLywjaLzq7ej6L1oozL37t/2/s/www.learnexcelnow.com.zip,empty,inferred
2021/202104/facebook-blueticks.jyinkathomas.com (cx.zip)/cx.zip,370724,fd4a38900a8941190045bb4196f4c1df82e6415a,703d60abe38023d52e78edb68c808273644c11390de6927c662a585826e70407,https://facebook-blueticks.jyinkathomas.com/cx.zip,,inferred
2021/202104/facebookbusiness.co (Facebook%20%e2%80%93%20log%20in%20or%20sign%20up0_files.zip)/Facebook%20%e2%80%93%20log%20in%20or%20sign%20up0_files.zip,527476,3343fc6de72b0fe651af52a71215d5b2ac428d4f,22f167275162f0638cefef785e66367684af90935bd177c6c0c3702b0ca72a56,,,
2021/202104/facebookbusiness.co (Facebook%20%e2%80%93%20log%20in%20or%20sign%20up_files.zip)/Facebook%20%e2%80%93%20log%20in%20or%20sign%20up_files.zip,556810,c2b84bcbe361e52d91fe400ddfba25012b34966d,7d4681fae0db5065c9173e0413d3b35f4e262509f5a2a9b2bbd1a74920612497,,,
2021/202104/fascebook.xyz (app.zip)/app.zip,1901744,643cde784854ae639a17562366c84e08d55b6b35,bdca4c9ed382d02adde28da2fd59a04cfbc2463bb5d93ee4572af3d1a7003454,https://fascebook.xyz/app.zip,,inferred
2021/202104/fbookoo.xyz (app.zip)/app.zip,1901744,643cde784854ae639a17562366c84e08d55b6b35,bdca4c9ed382d02adde28da2fd59a04cfbc2463bb5d93ee4572af3d1a7003454,https://fbookoo.xyz/app.zip,,inferred
2021/202104/firestorm-interactive.net (Invoice.doc.pdf.zip)/Invoice.doc.pdf.zip,2661565,d0e6a527163559ac18660429e23e04c0e2d02774,71a49a6a7a980aea7155aa83c106deada09437f705434b2e6e98660d9d8e7bea,http://firestorm-interactive.net/prescientco/Invoice.doc.pdf.zip,,inferred
2021/202104/google.mexweb.com.mx (Gdrive.zip)/Gdrive.zip,52224,346792610c4f120de2bf84452a8fcc66e96ff672,1f74b59ef7adc6021ea845c794ad7e543d42e5d94798741c369de31977952121,https://google.mexweb.com.mx/Gdrive.zip,,inferred
2021/202104/gpsecurity-store.com (linkedIn.business.zip)/linkedIn.business.zip,25354,637d93c103e7f0d4f4b6ee2c125a064e0ea2251e,d98604248a06f599a136cfab06f487f9e3867c5e003bde6f09f0d48fe3e7ffc7,https://gpsecurity-store.com/dster/linkedIn.business.zip,,inferred
2021/202104/griefmomma.com (m.zip)/m.zip,502729,d31c61b7ad65ad1cefce61356dd9bf8b109922e9,4053057e5c49c07141082bc0fcd3e9b30d15d685df206eea67e0196ea6eb2f74,https://griefmomma.com/office365/off/off.ice/m.zip,,inferred
2021/202104/gwenet.org (oneee.zip)/oneee.zip,717610,932fe20f1a9ce8e0aa6ed69e7aa1f0f285b940f0,88813195f0a4fe89c172f538da3f83f09e5c2a2c361183c50a77ae59c0842131,http://gwenet.org/oneee.zip,,inferred
2021/202104/hastiro.in (Micrsft.updte%20(2).zip)/Micrsft.updte%20(2).zip,5662126,6b85336b5a2eff26d6004ed2f310ab3318b9ccaf,ac424fff5df750fc1e1543eb1a11396adcd4b6b8f52894aa499bfaf934b6d0d4,http://hastiro.in/hotmail/Micrsft.updte%20(2).zip,,inferred
2021/202104/hsbc.remove-paired-deviceonline.com (HSBC%20Modified.zip)/HSBC%20Modified.zip,7794660,389a1032c917ff60689a18dc1753b60a9b94a235,5aa7c2eaebe1d615e3fffe44f11ffbf186725b7ee85b39cca54c039619eb61f7,https://hsbc.remove-paired-deviceonline.com/HSBC%20Modified.zip,,inferred
2021/202104/kadikoyescort.org (Netflix.zip)/Netflix.zip,277783,8af3f1cebeb0ce2d340baaea5731370d56dfbc6b,15c3568cac6977bf0e5703944c4d56cd5cb479cb09286bfb02a8a6037e640433,https://kadikoyescort.org/wp-includes/blocks/file/Netflix.zip,,inferred
2021/202104/limpiezadeobras.cl (pa.zip)/pa.zip,1987645,1834a63884e1b1e0b8b76bf6ed215c08abce8a05,497385a06c7595f35f7bb902fa52c375f7f64371125eb1a0763b8cfd75cd539c,https://limpiezadeobras.cl/bih/pa.zip,,inferred
2021/202104/lodgewallisplains.com (linkedin.zip)/linkedin.zip,13680,7a601588f4d82b1a8f366b1f50eef16ecb29eb10,f90bdaddb3dc602ca7a0b2150d81ff0be1bc9b186c43f26a676f34a8c3c1f9c9,https://lodgewallisplains.com/linkedin/linkedin.zip,,inferred
2021/202104/loyaltyportion.win (0ffice.zip)/0ffice.zip,309997,77616a529186da38a8b1428ac435ae53504cca10,577aa9e5dd0097213f0985d8212021e1255369abd6849b7520d74d700cd9fe14,https://loyaltyportion.win/mail/0ffice.zip,,inferred
2021/202104/netflix.graceandgloryy.com (Netflix.zip)/Netflix.zip,520045,e4b7623b57c45c7c80dad1b99c0c9306242e8e0e,f7f9bcaec980d6d6f219474bf9337bfac4b97133ed2aa241031b466aa5d56b66,,,
2021/202104/netflix.tiendasicam32.net (Netflix%20(2).zip)/Netflix%20(2).zip,520045,e4b7623b57c45c7c80dad1b99c0c9306242e8e0e,f7f9bcaec980d6d6f219474bf9337bfac4b97133ed2aa241031b466aa5d56b66,https://netflix.tiendasicam32.net/Netflix%20(2).zip,,inferred
2021/202104/netflixsupport.sytes.net (nfnew%20(2).zip)/nfnew%20(2).zip,523785,b356f4de2a185ad118cdf2d84f1e58fd361bfb6d,a19ccbd5a0968b0ecfe382b6144c5ec02f050596279837debb4c3146f215a2eb,https://netflixsupport.sytes.net/nfnew%20(2).zip,,inferred
2021/202104/onedrive-office-fileshare.magnonet.cl (approval-Annual%20onedrive%20latease.zip)/approval-Annual%20onedrive%20latease.zip,378024,d435e3d64bda9e241da9ec5fd5477c1e8135e832,2a75fa6df7f057c2cf99dc20d37e9c9b12bb171a7cae2951f72902e574d5a093,https://onedrive-office-fileshare.magnonet.cl/approval-Annual%20onedrive%20latease.zip,,inferred
2021/202104/particulares-banco.com (particulares.zip)/particulares.zip,4543442,a84f4d6eef51c58d528251817bc25315594a4b4a,1da469b05ce569509a68dd5a045b7c838b73edb26b2758a5445c3197a49083de,https://particulares-banco.com/particulares.zip,,inferred
2021/202104/paypalc1.achat-virement-encours.fr (gHcY9F-paypal.zip)/gHcY9F-paypal.zip,2609985,6fa0209db69b6ab713cf6f8ba6eb8d0747504932,4cb42b9e1dc1f9aaed13e7546da347e373cae3006b7a0dc3ee3b94abe5832f3c,,,
2021/202104/projsecurity.com (Facebook%2022222222.zip)/Facebook%2022222222.zip,138489,583a0f892773445e5d93a85757fa721b567373b2,0801df4206a0874866ed681b7eb736867b94e732a0752f916c23dceefad9fd03,https://projsecurity.com/wp-includes/Facebook%2022222222.zip,,inferred
2021/202104/projsecurity.com (facebook%20(1).zip)/facebook%20(1).zip,367636,b84f0cbbecc6fd458846bbe4589ff25a26612a1c,76d8cf092c2bee83993b00c7ffcdf4d8a406a98084ef67b710f81ad516681276,https://projsecurity.com/wp-includes/facebook%20(1).zip,,inferred
2021/202104/secure-netflixloginsc02b.dynamic-dns.net (NF%20Mode.zip)/NF%20Mode.zip,798256,86d37b3b8a1ec5297880fc94742599ad564cc796,110c10603c375568682d29325014b24bcc414c9362f963ab47f3c1dda745b477,https://secure-netflixloginsc02b.dynamic-dns.net/NF%20Mode.zip,,inferred
2021/202104/secure0-netflix.ddns.net (Netflix.zip)/Netflix.zip,2001529,5546649e0b30d37e071bcc6ce877a94c6d1ebde5,fbbbd59a308d74612b256deaa0d7db397d37f85fca6dc063ea2efce554a64289,https://secure0-netflix.ddns.net/Netflix.zip,,inferred
2021/202104/secure4netflix-verify.duckdns.org (Netflix%202020%5b.Panda.%5d.zip)/Netflix%202020%5b.Panda.%5d.zip,527339,bd960c9df2b19c2b888a5e63f7d8fa43bf30b101,ea91f4924cef01589517ad6f2c7b00c6bb9cffa2c2a286ef34b2561ed8565a77,https://secure4netflix-verify.duckdns.org/Netflix%202020%5b.Panda.%5d.zip,,inferred
2021/202104/secureconnectnetflix-a.duckdns.org (EDD.zip)/EDD.zip,1660603,e5e7054f13a8f136af278421fe992f1c09468cec,9b295c520294b80db10c1c61371af4c9ee1aa83442b1714863d80d217e42575c,https://secureconnectnetflix-a.duckdns.org/EDD.zip,,inferred
2021/202104/securedmobileplat.com (Paypal.zip)/Paypal.zip,66372,1c04dd8ae35e5cb6896bfe4e70bfe039fabbaafb,5865835039cf0c5c30fbc32f2589acf466c8c4de6b40e8aac0ca260e2a4035ff,https://securedmobileplat.com/Paypal.zip,,inferred
2021/202104/silenceindulge.com (0ffice.zip)/0ffice.zip,309997,77616a529186da38a8b1428ac435ae53504cca10,577aa9e5dd0097213f0985d8212021e1255369abd6849b7520d74d700cd9fe14,https://silenceindulge.com/verification/0ffice.zip,,inferred
2021/202104/soshible.com (true%20login.zip)/true%20login.zip,30543,d6bbf5a1048191de9fb0dc55f177f9bc735a3cb8,caa275ee5132060168fe165ebb9a1ffe6210883de44bdf7bf290dc64ba1ec345,https://soshible.com/he/true%20login.zip,,inferred
2021/202104/togetherwecanfly.com (Wellstrue.zip)/Wellstrue.zip,2232048,cd7bd0cae71b981b9a849ee8dff066b149a21ba7,8f7d785fa175bacde68e99a5c275afefd3262fce9fa62066931b7df9b330c3e5,https://togetherwecanfly.com/wellsfargo/Wellstrue.zip,,inferred
2021/202104/wellsfargo.com.alertonline.us (wells%20spox%202020%20N%20letter.zip)/wells%20spox%202020%20N%20letter.zip,1722997,2acbbd478b7b158f244ad408b57afa8783d7bcbb,bc98f79f7b51d4d051a9460f4b51acfc56d905c423d9bb310c369e6739fd904a,https://wellsfargo.com.alertonline.us/wells%20spox%202020%20N%20letter.zip,,inferred
2021/202104/whitelinesaudio.com (0.zip)/0.zip,2461660,00f9f64b6ae850462c9607ca49f11d109c006158,1c8a430368bfd0bea80ed09b7972b48161ae55120193d2f6ad76f4be4cbaa0e1,http://whitelinesaudio.com/page/0.zip,,inferred
2021/202104/www.ahmeddawod.com (microsft.zip)/microsft.zip,759627,d6b85d49c727bc7998685d0476d47c7a29cad338,c9f1432e0cdb91d722951c58abd4b9a8d9f4b383f4d4a5adea384664a43e6aa6,https://www.ahmeddawod.com/backup/mail/office/microsft.zip,,inferred
2021/202104/www.ahmeddawod.com (zipper-2020-12-10--23-44.zip)/zipper-2020-12-10--23-44.zip,2606652,300be2938c84448a51660281c5733fe11393ca8b,95d96df56793b596dc9b4f3372b1fe5c99255a73d8b83509bf429298b3cb9897,https://www.ahmeddawod.com/backup/mail/zipper-2020-12-10--23-44.zip,,inferred
2021/202104/www.ahmeddawod.com (zipper-2020-12-10--23-51.zip)/zipper-2020-12-10--23-51.zip,2607400,802ca606b9bb031641c9efd92489d03f6508f877,549c51b56028bff76941ac8e5a98b78f3fbc534381779001dd740792c1f910df,https://www.ahmeddawod.com/backup/mail/zipper-2020-12-10--23-51.zip,,inferred
2021/202104/www.ahmeddawod.com (zipper-2021-02-17--22-10.zip)/zipper-2021-02-17--22-10.zip,2607126,60e6ef3f29280a4e53bceacb283d33a4d630ca46,c431d2b9c4389822de5bd47859e56c64b5979844bbe5f5b8bc09644c0763fa35,https://www.ahmeddawod.com/backup/mail/zipper-2021-02-17--22-10.zip,,inferred
2021/202104/www.sahlfinance.com (linkedinnew.zip)/linkedinnew.zip,47383,a4c354155e5344ee044d519a8392814f2d8c0c08,4ddf71ccdaba4dbca1fafbf5fc80ade6ff7627f70b40398216351a0357784e55,https://www.sahlfinance.com/wp-content/plugins/xqhbnty/of/linkedinnew.zip,,inferred
2021/202106/alcaldiamatiguas.gob.ni (Office365.zip)/Office365.zip,21897,7cb325197950dca879b08becd90a9c594897d5de,109990511c2d170967b6de7808037351dea630bfb8c522feac07e07af8764e5b,https://alcaldiamatiguas.gob.ni/securefile/Office365.zip,,inferred
2021/202106/canaldaresistencia.com.br (aliyunauto.zip)/aliyunauto.zip,497334,78ebd25b50f5a1eeab850790378efb8a70b2d49d,348a875f24dafc4ca30178d0961cc487fbb2c7481d5942636dba24f01d639ee6,https://canaldaresistencia.com.br/wp-admin/linkedn/aliyunauto.zip,,inferred
2021/202106/cheaptruckinsurance.com.au (workspace.zip)/workspace.zip,150281,885ace8f01fcc5e9bc1f8b91de697620e945d89a,8f024517b79aa0e377fe1f14da7849d23f11106fe71b0a023c6bfdfbf24ee2db,http://cheaptruckinsurance.com.au/includes/dropcaculator/dropboxfile/workspace.zip,,inferred
2021/202106/eletrovale.ind.br (linkedinnew.zip)/linkedinnew.zip,47383,a4c354155e5344ee044d519a8392814f2d8c0c08,4ddf71ccdaba4dbca1fafbf5fc80ade6ff7627f70b40398216351a0357784e55,http://eletrovale.ind.br/gee/linkedinnew.zip,,inferred
2021/202106/escortlaraydin.com (365%20%281%29%20%282%29.zip)/365%20%281%29%20%282%29.zip,576911,878d353a63c728ceb4b816811ebc19d2601782f2,43b4de5c78c23595220cfa3b62a79cedf6b28a26c1e7c82c6c15186feb354189,https://escortlaraydin.com/you/365%20%281%29%20%282%29.zip,,inferred
2021/202106/exowigs.com (P8.zip)/P8.zip,52970,0ec05f45c1055c74b6c9c222d477d767fa96cecb,1bc372a8a088a57ac6e147d4c841b42bd7993fff55b972c919a3f431d0d8b340,https://exowigs.com/sharefile/P8.zip,,inferred
2021/202106/fitness.applekandy.com (yahoo.zip)/yahoo.zip,120250,1be945c9fe5176550916e0f8a311d5b1fd29d695,b8d5cbc600bef14b4368363a21499b399a4941e5eaf4c905a71cf4d99e196b3b,http://fitness.applekandy.com/wp-content/uploads/2021/06/yahoo.zip,,inferred
2021/202106/hsbc.action-verifypayee.com (login.zip)/login.zip,7818092,e4cc53bd41105e585c6efd7d32f5e23f8bae44de,a8fa45f1edb0a6a097b8a8042347d274f9366bd5fcdfd275a48cf4bcde36836a,https://hsbc.action-verifypayee.com/login.zip,,inferred
2021/202106/iwxindia.in (365%20(1)%20(2).zip)/365%20(1)%20(2).zip,576911,878d353a63c728ceb4b816811ebc19d2601782f2,43b4de5c78c23595220cfa3b62a79cedf6b28a26c1e7c82c6c15186feb354189,https://iwxindia.in/ghg/365%20(1)%20(2).zip,,inferred
2021/202106/netflix.support-infocare.com (netflixIT.zip)/netflixIT.zip,1157003,c6481d47cae445008bf8afd6ffd5172456f38cad,32e6bb8ff4dcbcba9b534044a8ab490f99732bbe9ead059cf10a7174e1e3b20c,https://netflix.support-infocare.com/netflixIT.zip,,inferred
2021/202106/office365web.godmanmedicals.com (OFFICE365.zip)/OFFICE365.zip,3561729,93fc5f275871f2feffc857aae3dd38801cec45de,394f6907542d2771f5a9f81f7ddced4cf40b16f0e8ee83eb8074208f4acf2dcf,https://office365web.godmanmedicals.com/OFFICE365.zip,,inferred
2021/202106/secure0071b.paypal.com-webauthdashboard0325.xcores.com.br (V18.zip)/V18.zip,2987400,417728547a5d42ef78fdce9b81e78e179f6fa5c4,44864b12cc287c6054eb9a7ff40ffbfb098eedc57a158238632ab2c411c546fa,https://secure0071b.paypal.com-webauthdashboard0325.xcores.com.br/V18.zip,,inferred
2021/202106/secure0071b.paypal.com-webauthdashboard0325.xcores.com.br (unzip.zip)/unzip.zip,1160,8a2a3cf759f89ccabc5756f52179f7dcf06f16c4,872bf31cc22906287bf2a5653e5b972a1b03050405330975ce2ad152d03d2ded,https://secure0071b.paypal.com-webauthdashboard0325.xcores.com.br/unzip.zip,,inferred
2021/202106/segurinorth.cl (linkedinnew%20(1).zip)/linkedinnew%20(1).zip,47383,a4c354155e5344ee044d519a8392814f2d8c0c08,4ddf71ccdaba4dbca1fafbf5fc80ade6ff7627f70b40398216351a0357784e55,https://segurinorth.cl/linkedlin/linkedinnew%20(1).zip,,inferred
2021/202106/segurinorth.cl (linkedinnew.zip)/linkedinnew.zip,47383,a4c354155e5344ee044d519a8392814f2d8c0c08,4ddf71ccdaba4dbca1fafbf5fc80ade6ff7627f70b40398216351a0357784e55,https://segurinorth.cl/linkedlin/linkedinnew.zip,,inferred
2021/202107/booksforyou.in (linkedin.zip)/linkedin.zip,31699,a82c612327e9f693ae2451902ce8d0b153045c3d,f0737d434566d079aca6c1c359f5fada2b3e51f046209611be8c78c7bb847bf9,http://booksforyou.in/PT/linkedin.zip,,inferred
2021/202107/bulletproofemailsolution.com (content.zip)/content.zip,32074,b5b69a1d9203d0e231496f198c0dcd1fa4114fa2,2d7b25647a962d832c1ecfbb54fba51b12a7af1d877d08c5d828e36f9529bd67,https://bulletproofemailsolution.com/.dfghhhgfd/content.zip,,inferred
2021/202107/ctninternational.com.kh (linkedin.new.zip)/linkedin.new.zip,47383,a4c354155e5344ee044d519a8392814f2d8c0c08,4ddf71ccdaba4dbca1fafbf5fc80ade6ff7627f70b40398216351a0357784e55,http://ctninternational.com.kh/.well-known/acme-challenge/clours/hph/linkedin.new.zip,,inferred
2021/202107/dennybegle.com (IDES.zip)/IDES.zip,571998,205d30dfa606aff11d209058a26b141a66932e85,565a4f6b3c62b38c142e83731a665a010a8004a539683811931a00671e662a66,https://dennybegle.com/tunes/IDES.zip,,inferred
2021/202107/ginjunkiegin.com.au (Office365_Personal.zip)/Office365_Personal.zip,16594,7d7fd666fe766e3dd2e8286e8ff0782cfa4b577e,46985dcaa1ca990d8ccf3c88f502cd421e748401159e92c0bb69bf74d55b6a06,http://ginjunkiegin.com.au/wekd/Office365_Personal.zip,,inferred
2021/202107/marzuk.com.br (h0tmail.zip)/h0tmail.zip,22300,548ba0eaca3b7e7c85fb4eb864dd3bbbad1b7b35,3ad0fcd49ecc63e87a8a7cc3fa4a6f329ad9e502fafe03d1c4e2c1445a497ab6,https://marzuk.com.br/wp-admin/maint/h0tmail.zip,,inferred
2021/202107/paypalsecureserver.reserva-jsu.liceojsu.cl (chkr.zip)/chkr.zip,4834,250161aa97814242dad65c4fca206da97468f4fe,d7d363cecb5208b21d7814866799c9379adc61331e2bb5de438745a21aa67dc0,,,
2021/202107/themcgowanteam.com (365%20(1)%20(2).zip)/365%20(1)%20(2).zip,576911,878d353a63c728ceb4b816811ebc19d2601782f2,43b4de5c78c23595220cfa3b62a79cedf6b28a26c1e7c82c6c15186feb354189,https://themcgowanteam.com/365/365%20(1)%20(2).zip,,inferred
2021/202107/vps41123.inmotionhosting.com (netflix.zip)/netflix.zip,978530,9e260ed7300247ab4e087ce0b7e9927cc26034d3,a267e9cc484c9d04f262e0c9b5c791d2f8c9cac608c961cb6491fb61905f69fd,https://vps41123.inmotionhosting.com/~servceflixpay/Netflix/netflix.zip,,inferred
2021/202107/walkagainstliverdisease.org (365%20(1)%20(2).zip)/365%20(1)%20(2).zip,576911,878d353a63c728ceb4b816811ebc19d2601782f2,43b4de5c78c23595220cfa3b62a79cedf6b28a26c1e7c82c6c15186feb354189,https://walkagainstliverdisease.org/365/365%20(1)%20(2).zip,,inferred
2021/202107/www.apple-soport.c-co.us (SOPORTE.zip)/SOPORTE.zip,2318644,5ce3d2e031636b3554118a98630ad22ffbc6041e,7ea67795c1a3b2fc334fcc408e77616bc64a9e629647ab90fa2e2a1bc365ccd9,https://www.apple-soport.c-co.us/SOPORTE.zip,,inferred
2021/202107/www.assaypro.com (Instagram.zip)/Instagram.zip,905614,f6dc446f2986ae4b6f82634f81f262d5ebfdb2ce,e496d72e9260d232517ed1930fc1a9c0a1da7bbd421f1999e20678f0448368b1,https://www.assaypro.com/Instagram.zip,,inferred
2021/202107/www.coopefunevida.com (dropboxbiz.zip)/dropboxbiz.zip,474577,92eb67864570c400f76c4ba6e5a3aec721f1e779,bd6893af97a9f05130e67600d00104b1c0540d9ee9e278a380900bcacfc5a287,http://www.coopefunevida.com/dropbox/dropboxbiz.zip,,inferred
2021/202107/www.institutoaxioma.com.ar (netflix_Urochi.zip)/netflix_Urochi.zip,978530,9e260ed7300247ab4e087ce0b7e9927cc26034d3,a267e9cc484c9d04f262e0c9b5c791d2f8c9cac608c961cb6491fb61905f69fd,https://www.institutoaxioma.com.ar/wp-content/uploads/2019/06/netflix_Urochi.zip,,inferred
2021/202107/www.outlook.office365.thebeestro.com (ssl.zip)/ssl.zip,7382,82a12c048b85d236f5891b062201d10813186d3c,22aebb92753187944bd222b6410b37ef500b7d8c1ede5ec9414c7b7cd87b78eb,https://www.outlook.office365.thebeestro.com/ssl.zip,,inferred
2021/202107/www.paypalsecureserver.reserva-jsu.liceojsu.cl (chkr.zip)/chkr.zip,4834,250161aa97814242dad65c4fca206da97468f4fe,d7d363cecb5208b21d7814866799c9379adc61331e2bb5de438745a21aa67dc0,,,
2021/202108/arunnbe5sf.temp.swtest.ru (axewell.zip)/axewell.zip,4019828,091da127b2163a794c8d1e823c990c9cc4f94fae,6db640ebd332c1c5c49a917a873cace5b858e3a15427e8648a839a72da982024,http://arunnbe5sf.temp.swtest.ru/axewell.zip,,inferred
2021/202108/censor.be (CA%203.0.zip)/CA%203.0.zip,311502,ecfc5c97de860ef9d0b881fa5698a32647951e7a,3ee75962edc4eb21c9ffdd9af7c2ff7ae087e68feb093bef58eb6b2804e4aa5f,http://censor.be/wordpress/CA%203.0.zip,,inferred
2021/202108/davidsoloads.com (microsoftonline.zip)/microsoftonline.zip,427749,9d4c4f27fbdb7c83df2ad361e1e46f1f594e3dfd,1d8170b8b546d35070218a38fcf07c8cde1d1e227ae91f1deee69316c320dade,http://davidsoloads.com/outlook.office/microsoftonline.zip,,inferred
2021/202108/directorymigration.com (0ffice.zip)/0ffice.zip,310070,20f0022b58a88ee27751817d09d4f7a2ac698879,5e02d3f98a1d28cf5909d5e95494c21deb0b6b17dda6b29d638c7ea32a02b95d,https://directorymigration.com/checkme/0ffice.zip,,inferred
2021/202108/hoteldalet.com (linkedIn.business.zip)/linkedIn.business.zip,25354,637d93c103e7f0d4f4b6ee2c125a064e0ea2251e,d98604248a06f599a136cfab06f487f9e3867c5e003bde6f09f0d48fe3e7ffc7,https://hoteldalet.com/tay/linkedIn.business.zip,,inferred
2021/202108/instagram-eventnew.duckdns.org (Phising-Instagram-Terbaru.zip)/Phising-Instagram-Terbaru.zip,224326,ccc45aa2a1fdcf6a89b08770ffcbcbebde524f3e,7e2105cc51d0280aaafb96d612af2d651f90e1109dccb05a35f73d12a7152261,http://instagram-eventnew.duckdns.org/Phising-Instagram-Terbaru.zip,,inferred
2021/202108/instagram-eventnew.duckdns.org (SC%20IG%20V2.zip)/SC%20IG%20V2.zip,225304,b5e45f60f36ac3961ab3ebd80067db4c2f73f46d,3b0fad50e50960565cb273dfac5e41d2a36f79dac07f6631eeda7fe1a9e0eea7,http://instagram-eventnew.duckdns.org/SC%20IG%20V2.zip,,inferred
2021/202108/jadwahost.com (googledrive.zip)/googledrive.zip,2052823,93923d69d5b6bfa9bcac7254b1d1eb669b57e7e5,5312aaa8059fb80c190e9cdc693e8936e13c1820b95812c420a6bcb2adbcd2f7,http://jadwahost.com/google/googledrive.zip,,inferred
2021/202108/laurenhall.net (Fax_personl.zip)/Fax_personl.zip,572390,e8f3ed7e691e8d1dd3b14a34330aa92e6a620598,d37197a040b4f4cbb7c2896584ba8876c914dc40ea98847169ad634b592552c2,http://laurenhall.net/fficee/Fax_personl.zip,,inferred
2021/202108/mamabonnie.org (http.zip)/http.zip,1441203,742e03ff4f01a495f09373f0e93fbfc7e5cccc02,32d5bbb2eb8a12e60e6902b998feefff2d51dfa239514f1c82f3b846a7841f5e,http://mamabonnie.org/wp-admin/http.zip,,inferred
2021/202108/mamabonnie.org (wp-admin.zip)/wp-admin.zip,2390388,bc3da84d006087d63855b2e640e4fe7176f1e2f6,9d6c5544e4da43cf27fa73935b9662c60c9dd8a1a4c514291a66abb3471c1a67,http://mamabonnie.org/wp-admin.zip,,inferred
2021/202108/mentioncombine.com (linkedIn.business.zip)/linkedIn.business.zip,25354,637d93c103e7f0d4f4b6ee2c125a064e0ea2251e,d98604248a06f599a136cfab06f487f9e3867c5e003bde6f09f0d48fe3e7ffc7,https://mentioncombine.com/flip/linkedIn.business.zip,,inferred
2021/202108/sashasplayground.com (newmail_phonex.zip)/newmail_phonex.zip,66248,bfa36c80831b7e164c85adcc6ec8cc0dd67daee7,a99a38a27257823708f534fd7e1ab0195b27c5d73a31b9604b3017fbce072b24,https://sashasplayground.com/doc/newmail_phonex.zip,,inferred
2021/202108/shl-mediical.com (DocuSign(1).zip)/DocuSign(1).zip,1905806,09261790bdf26395a782a12fb83837fd1dc01572,3223ef7b690babd3b29917ad6da0ae57fa6ac55a25f2ef3fedff180f7ad92ac6,http://shl-mediical.com/ssl/DocuSign(1).zip,,inferred
2021/202108/shl-mediical.com (docusi.zip)/docusi.zip,1905974,b12313a26e92f2b437edaa95986ff0d4964508de,b54c8a3b47e671c6259f8548b6efc602c0d8c6b182bb08a8118460b0bb768eb6,http://shl-mediical.com/ssl/docusi.zip,,inferred
2021/202108/spot-on-driving.co.uk (newmail_phonex.zip)/newmail_phonex.zip,66248,bfa36c80831b7e164c85adcc6ec8cc0dd67daee7,a99a38a27257823708f534fd7e1ab0195b27c5d73a31b9604b3017fbce072b24,http://spot-on-driving.co.uk/mail/newmail_phonex.zip,,inferred
2021/202108/wellsfargovalid.ddns.net (Welsfargo%20Anoxyty.zip)/Welsfargo%20Anoxyty.zip,18277349,3373a5155739f2caff174d6a29a26a6847d301d4,2ba247d7b66954b474a384705d1875844ff39f5ab93202130e31d15fd4dd642b,https://wellsfargovalid.ddns.net/Welsfargo%20Anoxyty.zip,,inferred
2021/202108/wordpressmall.com (linkedIn.business.zip)/linkedIn.business.zip,25353,6000d68a27a8329ce3b8d1abf180821ea4205633,aebcecdcf391fbcd9f8d37978b311c742cc96365a90a00cee7504a3a2c15833c,https://wordpressmall.com/lin/linkedIn.business.zip,,inferred
2021/202108/www.aesshipping.com (IT.zip)/IT.zip,722982,421c46cdf803d7b081a2692dfd80537e60aaac12,a6f20c7323675e869244813fe36c4dcabd5e9b19280c3deb0fb1c7b1c4a45ac4,https://www.aesshipping.com/netflix/IT.zip,,inferred
2021/202108/www.omlogic.com (h0tmail.zip)/h0tmail.zip,22300,548ba0eaca3b7e7c85fb4eb864dd3bbbad1b7b35,3ad0fcd49ecc63e87a8a7cc3fa4a6f329ad9e502fafe03d1c4e2c1445a497ab6,,,
2021/202108/www.wwvinterbank.solicitudextracash-pe.com (lnterbank.zip)/lnterbank.zip,4576743,087b61572e0c26a529f81332e3839522a54219ba,583a7cd04aa39f673ab7d66e2c9a6a950c91413987ed077c2c50b1aa7f890b8c,https://www.wwvinterbank.solicitudextracash-pe.com/lnterbank.zip,,inferred
2021/202109/adventurecensus.com (linkedinnew.zip)/linkedinnew.zip,47323,03a8e0f19ba7ef325e88b90aa31f9e977b630a78,4f991fdf2571369a6b78636efd4dabed0aa6c8b1b01079fca740bd7bec7510dc,https://adventurecensus.com/oo/linkedinnew.zip,,inferred
2021/202109/alcaldiamatiguas.gob.ni (Office365.zip)/Office365.zip,21897,7cb325197950dca879b08becd90a9c594897d5de,109990511c2d170967b6de7808037351dea630bfb8c522feac07e07af8764e5b,http://alcaldiamatiguas.gob.ni/securefile/Office365.zip,,inferred
2021/202109/apple-service.muzikplus.tg (apple%202020.zip)/apple%202020.zip,1474664,e55b24c9a7be56892b86d715528b22601a662ac0,b8b3b3b3b48a45f234bd3fcea6fe7ed4b1fd3d87e9db79939603b2b6e85bc5ed,https://apple-service.muzikplus.tg/apple%202020.zip,,inferred
2021/202109/awazon.awazonlinenews.com (xx1.zip)/xx1.zip,1700483,536ca165a418e99febdfb346a707060fc895ee98,ecaa503f835b32900e4225965e85d0d99a6758e062a72ca7432527189f42447a,https://awazon.awazonlinenews.com/xx1.zip,,inferred
2021/202109/bymop.com.tr (linkedIn.business.zip)/linkedIn.business.zip,25354,637d93c103e7f0d4f4b6ee2c125a064e0ea2251e,d98604248a06f599a136cfab06f487f9e3867c5e003bde6f09f0d48fe3e7ffc7,https://bymop.com.tr/admin/controller/extension/extension/dster/linkedIn.business.zip,,inferred
2021/202109/connect1-securewellsfargo.com (Update.zip)/Update.zip,2338619,49533e7873bc7d69b8586543b62780383fb2a28e,1faa2a746452f5af51432a9e48d579604c46355a6486a3492c9f66e82feea94d,https://connect1-securewellsfargo.com/Update.zip,,inferred
2021/202109/connectsecurewellsfargo.com (Update.zip)/Update.zip,2338619,49533e7873bc7d69b8586543b62780383fb2a28e,1faa2a746452f5af51432a9e48d579604c46355a6486a3492c9f66e82feea94d,https://connectsecurewellsfargo.com/Update.zip,,inferred
2021/202109/connectsecurewellsfargo.com (WELLSFARGO.zip)/WELLSFARGO.zip,2340259,6cde8f20b883dfb6703ccc96e2e0ba3a91fb178d,dd6df3b32626e2aba8dc91bc19e8c292e2580b364b52fd3b1f3454663ce6f253,https://connectsecurewellsfargo.com/WELLSFARGO.zip,,inferred
2021/202109/connectsecurewellsfargo.com (wellfargo.zip)/wellfargo.zip,2341899,c21a846458feecd02572b8435cde772d4a35e5a8,ce40c2caea8a9cd38541efef6cf2def5a6b138f7a715e6fdec014cb286e958b5,https://connectsecurewellsfargo.com/wellfargo.zip,,inferred
2021/202109/dazzling-williamson.139-59-187-196.plesk.page (wellsfargoMVAv1.zip)/wellsfargoMVAv1.zip,1391435,7e0686078b8e51b7c2476046554f8b25d9871477,919bf963d1a2e865f2328b6edadd8e446e0a7f745aa85a8155a2f6255fbdeca9,https://dazzling-williamson.139-59-187-196.plesk.page/wp-content/themes/fs/wellsfargoMVAv1.zip,,inferred
2021/202109/hoteldalet.com (linkedIn.business.zip)/linkedIn.business.zip,25354,637d93c103e7f0d4f4b6ee2c125a064e0ea2251e,d98604248a06f599a136cfab06f487f9e3867c5e003bde6f09f0d48fe3e7ffc7,https://hoteldalet.com/pppp/linkedIn.business.zip,,inferred
2021/202109/houra.xyz (wellsfargo.zip)/wellsfargo.zip,2231339,d20dd831e4cfbd4be946d2d6a359332ba9448312,d4a7dfda916d16748d1b03dfbe64bb1d4192b4e270f91f222ef1fd6705189b7b,https://houra.xyz/wellsfargo.zip,,inferred
2021/202109/idealutahhome.com (linkedIn.business.zip)/linkedIn.business.zip,25354,637d93c103e7f0d4f4b6ee2c125a064e0ea2251e,d98604248a06f599a136cfab06f487f9e3867c5e003bde6f09f0d48fe3e7ffc7,https://idealutahhome.com/60/linkedIn.business.zip,,inferred
2021/202109/itryratan.com (facebookmobile.zip)/facebookmobile.zip,11905,814023dd33e5dd1cf233cee8e6e0e2c4ba4612db,c47534e6fea2bb6a9f112825c69a243394b9926342c4edaf1d3e4e7888b40db2,http://itryratan.com/login-/facebookmobile.zip,,inferred
2021/202109/marketing-group.ir (linkedIn.business.zip)/linkedIn.business.zip,25353,6000d68a27a8329ce3b8d1abf180821ea4205633,aebcecdcf391fbcd9f8d37978b311c742cc96365a90a00cee7504a3a2c15833c,https://marketing-group.ir/linkedin/linkedIn.business.zip,,inferred
2021/202109/new-technologies-shop.com (BLUE.zip)/BLUE.zip,24248,3076ca9b9c48db6b9c51237c88bb34ac33c67dc4,1cfdcd776f4ddff793099924f3a6fe861490f61826ab03702a3353ada27a209d,https://new-technologies-shop.com/office365/BLUE.zip,,inferred
"2021/202109/nickkind.com (Ink%20Prototypes,%20High%20Res%20-%20by%20Nick%20Kind.zip)/Ink%20Prototypes,%20High%20Res%20-%20by%20Nick%20Kind.zip",5363795,c216dc604d2cd907f47b2a1291b6ba3f3348b3d0,4874924c776a39ff15b6e6d944ff2e88bbe446dbd94fb700354cee602551aef0,"https://nickkind.com/downloads/Ink%20Prototypes,%20High%20Res%20-%20by%20Nick%20Kind.zip",,inferred
"2021/202109/nickkind.com (Ink%20Prototypes,%20Low%20Res%20-%20by%20Nick%20Kind.zip)/Ink%20Prototypes,%20Low%20Res%20-%20by%20Nick%20Kind.zip",830136,94e82fdcb5a338726f08dabf36eea79c3677dde3,a96ac65af396c6cbc921f9b76930314ff6f56dc928b7052cc8c097126fc44d44,"https://nickkind.com/downloads/Ink%20Prototypes,%20Low%20Res%20-%20by%20Nick%20Kind.zip",,inferred
"2021/202109/nickkind.com (Paint%20Smears%2001,%20High%20Res%20-%20by%20Nick%20Kind.zip)/Paint%20Smears%2001,%20High%20Res%20-%20by%20Nick%20Kind.zip",5025320,3c56ae63bfc139aada00cb22f583964b5b18185b,71afba6bf426983ecec608f5c047a20dd526fd003e7e93a3ed89adca3109823f,"https://nickkind.com/downloads/Paint%20Smears%2001,%20High%20Res%20-%20by%20Nick%20Kind.zip",,inferred
"2021/202109/nickkind.com (Paint%20Smears%2001,%20Low%20Res%20-%20by%20Nick%20Kind.zip)/Paint%20Smears%2001,%20Low%20Res%20-%20by%20Nick%20Kind.zip",522104,24749b5ec455668a600718a27ab95a2c1b6cadc0,20c103811b6b9e0c87841b6c9c0c8920be299d7d83a3820ac5812114329d3cf8,"https://nickkind.com/downloads/Paint%20Smears%2001,%20Low%20Res%20-%20by%20Nick%20Kind.zip",,inferred
2021/202109/nickkind.com (excelzz%20(2).zip)/excelzz%20(2).zip,103226,88a3012d26428d8c423f5410c4d39ecef8ef4a93,fbb5ee57f56a76563aa096093de1d25273dd1f514ee88572a5750f3ecb77274c,https://nickkind.com/downloads/excelzz%20(2).zip,,inferred
2021/202109/rafco.cl (365%20(1).zip)/365%20(1).zip,576912,6e13dd00f41c0ab5972d0c6a98823dfa94e5e9d6,94cfd39651f797bf2792410dcf78f17d5ea3347d96f27e4fe5be42cca8874a4d,https://rafco.cl/zii/365%20(1).zip,,inferred
2021/202109/tecnocerberus.cl (Office365.zip)/Office365.zip,22964,e4fee1f4db3886ded7062dbabc555bcb90eef696,7b0b87fcdeae9d1d618f3e2a30428236cd434e25945e9c3388721e4716677333,https://tecnocerberus.cl/.xof/Office365.zip,,inferred
2021/202109/yourthegame.xyz (Latest.zip)/Latest.zip,564910,598efea176344d071689cfac145f3192ba968c43,4d0513ba0d458bb68d6c1a3d62ebb19d720afea3fa31c1f949ebd9e4f36c2089,http://yourthegame.xyz/invoice/Latest.zip,,inferred
2021/202110/a1dorenead.temp.swtest.ru (parcels.zip)/parcels.zip,284648,9f8e28b1bcc36a4082d874a2580d924642ae2d47,08a46c5926a555580a000df5447720bd7ecf4384fe6389f5302b33f7b121a6cf,http://a1dorenead.temp.swtest.ru/parcels.zip,,inferred
2021/202110/bdshopsale.com (365%20%281%29.zip)/365%20%281%29.zip,576928,73f314be78196a9b0215828b0b4f47bf77c5e800,eff31a0f11b0278322661258f6900ccc3d9aee60cb9cb4397d57b2e6a8de5ab7,,,
2021/202110/bdshopsale.com (365%20(1).zip)/365%20(1).zip,576928,73f314be78196a9b0215828b0b4f47bf77c5e800,eff31a0f11b0278322661258f6900ccc3d9aee60cb9cb4397d57b2e6a8de5ab7,,,
2021/202110/coveragehunter.org (earthtlinkhomepage.zip)/earthtlinkhomepage.zip,356872,05c6d648889409192763344f7173918c80327625,db94df65c74b888d850cca083b67da4b6f1801c8cc45955bbc94cf3e25b70db7,http://coveragehunter.org/database/earthtlinkhomepage.zip,,inferred
2021/202110/delivery.geektasticreview.com (creditkarma.zip)/creditkarma.zip,2156070,a8a2d7653961812ff4e46d0accef0066f6c7c376,3fdf9f72d671080be432dcfe3b67fd865be913bc28fefdb9875086ed39edac93,https://delivery.geektasticreview.com/creditkarma.zip,,inferred
2021/202110/dgcipher.com (365%20(1).zip)/365%20(1).zip,576912,6e13dd00f41c0ab5972d0c6a98823dfa94e5e9d6,94cfd39651f797bf2792410dcf78f17d5ea3347d96f27e4fe5be42cca8874a4d,https://dgcipher.com/auth/365%20(1).zip,,inferred
2021/202110/elroiplace.co.zw (Latest.zip)/Latest.zip,564910,598efea176344d071689cfac145f3192ba968c43,4d0513ba0d458bb68d6c1a3d62ebb19d720afea3fa31c1f949ebd9e4f36c2089,https://elroiplace.co.zw/Payment/Latest.zip,,inferred
2021/202110/gazeaware.com (ture_login_update.zip)/ture_login_update.zip,50146,12637ec941fdeb1b45522ca45ba6643837e063b0,8c027827063a2146ab52695e93aba00343a58af38e596844e2f1fed98a43a87c,https://gazeaware.com/wp-admin/Microsoft/ture_login_update.zip,,inferred
2021/202110/hibariclinic.com (office365%20(5).zip)/office365%20(5).zip,50142,d7d4c612417750922d11f220dc1cc20f47c19982,3d8c23c99efb33ee6571425bd96a31fd80783728747d3d4361679035892c8408,http://hibariclinic.com/wp-includes/certificates/office365%20(5).zip,,inferred
2021/202110/hibariclinic.com (office365.zip)/office365.zip,24346,e80d4938def0b571996859dc5f27d69fd9716d2c,b71db2f0eb5621de717fc4a331f5e4cb68656771cf038e6da531ac4e5606ced1,http://hibariclinic.com/wp-includes/certificates/office365/office365.zip,,inferred
2021/202110/internacionaleventos.com.br (linkedIn.business.zip)/linkedIn.business.zip,25354,637d93c103e7f0d4f4b6ee2c125a064e0ea2251e,d98604248a06f599a136cfab06f487f9e3867c5e003bde6f09f0d48fe3e7ffc7,https://internacionaleventos.com.br/site/tt7/linkedIn.business.zip,,inferred
2021/202110/lcloud.gntf.org (Applesms.zip)/Applesms.zip,695631,62d2a5d691d0e864f67291761acc58adb417ae08,8c6139806594b60dfa7ff695338ce7cfccf634705c060661aa06c4b1e66c4b14,https://lcloud.gntf.org/Applesms.zip,,inferred
2021/202110/leuzeseminer.com (santa.zip)/santa.zip,1042506,5978c23e7fe018fd2ed82d131b6dcf884ce4bc02,854f0f051cab21f138838d09f12320359bf1ddad2598bb52d1bfb2f0659a722a,https://leuzeseminer.com/wp-admin/*/santa.zip,,inferred
2021/202110/longbienab.com (content.zip)/content.zip,32448,d55572b59aa59dc68dd1b9c8331ea70183695793,8e5c540c4c1254e3b0bca596af5a59bdeeb256a233d290818a2bc173b34b313d,http://longbienab.com/source/linkdin/content.zip,,inferred
2021/202110/lotusandcompany.com (365%20(1).zip)/365%20(1).zip,576928,73f314be78196a9b0215828b0b4f47bf77c5e800,eff31a0f11b0278322661258f6900ccc3d9aee60cb9cb4397d57b2e6a8de5ab7,https://lotusandcompany.com/ccs/365%20(1).zip,,inferred
2021/202110/monteage.in (id.zip)/id.zip,433250,0bb37b5a463ff3f1b19448db40dece4ee8ba1cae,38f6e1e079a57a40e100640050f330e545ad7d4fbe87fb3c987a3d43875b40c7,https://monteage.in/covid19/assets/jse/id.zip,,inferred
2021/202110/nevodevelopment.com (www.wellsfargo.com.zip)/www.wellsfargo.com.zip,23192,9cd4a0ea08af61ba764696a8d8b67f763fd3cf35,e872f14e037b5c3abd1c9f85264870ef4db668e99527fe6560d983830039345d,http://nevodevelopment.com/wp-content/plugins/lmocrknhgl/wellsfargo/www.wellsfargo.com.zip,,inferred
2021/202110/nutralashserum.com (office365.zip)/office365.zip,24346,e80d4938def0b571996859dc5f27d69fd9716d2c,b71db2f0eb5621de717fc4a331f5e4cb68656771cf038e6da531ac4e5606ced1,https://nutralashserum.com/images/374/office365/office365.zip,,inferred
2021/202110/raidservicos.com.br (new%20(1).zip)/new%20(1).zip,2454079,cfc1898e1b87d643f1fc7a3a0045b6591b43f1d7,f6fc1b74d7664fa8ffdeba690c00a580ad185d28164cec66d8be5836541e0b0a,https://raidservicos.com.br/icloudstorages/new%20(1).zip,,inferred
2021/202110/saltychickdesigns.com (ture_login_update.zip)/ture_login_update.zip,50146,12637ec941fdeb1b45522ca45ba6643837e063b0,8c027827063a2146ab52695e93aba00343a58af38e596844e2f1fed98a43a87c,https://saltychickdesigns.com/wp-admin/microsoft/ture_login_update.zip,,inferred
2021/202110/secure16lverify.duckdns.org (Netflix-RD326.zip)/Netflix-RD326.zip,262745,3030732146671cb09f2fc304179f8979f2009d70,fb2b5051cc89479f5bc440d90caf6faa37aecdde04703308dab3b3b66707aadd,https://secure16lverify.duckdns.org/Netflix-RD326.zip,,inferred
2021/202110/supremefxsignals.com (earthtlinkhomepage.zip)/earthtlinkhomepage.zip,356872,05c6d648889409192763344f7173918c80327625,db94df65c74b888d850cca083b67da4b6f1801c8cc45955bbc94cf3e25b70db7,http://supremefxsignals.com/database/earthtlinkhomepage.zip,,inferred
2021/202110/themeforest.co.za (facebook_mobile.zip)/facebook_mobile.zip,366434,0ddff4b2eb5f6976dd3280bab82a2194ee6ad12e,caf6b0779e27dcaf89a246bd935385e405be6b89f0901ba2a1756607d6d00a8a,https://themeforest.co.za/FB/facebook_mobile.zip,,inferred
2021/202110/www.crpmoney.com (netflix.zip)/netflix.zip,4713829,db532c4c7f974803d3aab22a8cb6e35ca18d033b,990e23c4eadd0914a080faa74562e2dda950b1e7954e3215839e0db74544dfaf,https://www.crpmoney.com/netflix.zip,,inferred
2021/202110/www.hatcelik.com (wellsfargo.com.zip)/wellsfargo.com.zip,673061,b3577d7dc8fe6862548ba4a6bcb6d854be55320e,589441965207b1dc5d7249d4bea0bbcf1991d8646687347f3f073cf5297260f0,https://www.hatcelik.com/wellsfargo.com.zip,,inferred
2021/202110/www.synapse-project.com (Netflix.zip)/Netflix.zip,2013655,e014666a730414a23be08f8a216add19d9a63ea9,0afa6112f8523fd2dcc60332d0c68384400ffd64775c3aaebd67b8ccf15118d8,http://www.synapse-project.com/about-us/Netflix.zip,,inferred
2021/202110/zenhealthfoods.vrinsoftinc.com (linkedIn.business.zip)/linkedIn.business.zip,25354,637d93c103e7f0d4f4b6ee2c125a064e0ea2251e,d98604248a06f599a136cfab06f487f9e3867c5e003bde6f09f0d48fe3e7ffc7,https://zenhealthfoods.vrinsoftinc.com/LinkedIn/linkedIn.business.zip,,inferred
2021/202111/asistencieacoountamazon.duckdns.org (amz16shop2021.zip)/amz16shop2021.zip,5533464,a4ae245a175c42f1abcf4a4047fc1dc4108e4084,362b24e1fdfa62b2f2eb60911f6b0dd650168dab6af63e0ce2123fb18defd386,https://asistencieacoountamazon.duckdns.org/amz16shop2021.zip,,inferred
2021/202111/bpmca.eatlbd.com (update-amazon.zip)/update-amazon.zip,366639,5ffe59953dabfd49a74c39179dcadc4d74071bc0,f3b55580bbc01d9f15df70c5dd29fea60a24ecf8b338e76744f9ca65c8900f4f,http://bpmca.eatlbd.com/amzn/update-amazon.zip,,inferred
2021/202111/destockage.amiel.fr (item82634823.zip)/item82634823.zip,23478,f4cde9259c0930bd67c4139c77250b3329431375,6d5e0eb7acc02e78f4dd12de82b5eed887d277952c1cfe485c88b31fd312371b,https://destockage.amiel.fr/modules/jmsslider/views/img/layers/JvGYkSN/item82634823.zip,,inferred
2021/202111/idverify.globalautodoor.com (wellsfargo.zip)/wellsfargo.zip,23463,41bb41fea5ff5441f01d19878efd1186eec50635,54c3f14640e7ab784415850dcf3d9cd7977a3c109e4e14d69dcb11451f1441b2,https://idverify.globalautodoor.com/0nedrivedoc/wellsfargo.zip,,inferred
2021/202111/khoavantaycaocap.vn (content.zip)/content.zip,32448,d55572b59aa59dc68dd1b9c8331ea70183695793,8e5c540c4c1254e3b0bca596af5a59bdeeb256a233d290818a2bc173b34b313d,http://khoavantaycaocap.vn/source/linkdin/content.zip,,inferred
2021/202111/kwarrangemolong.sragen.pramukajateng.or.id (netflix.zip)/netflix.zip,1421033,dc6f6cf3653a64fc53b8ccd12d702f0fb68db33f,b8c2d7efdafa32c02cf3015a2646409d4bf9efe072e416484754872ff3bb25d7,https://kwarrangemolong.sragen.pramukajateng.or.id/ns/netflix.zip,,inferred
2021/202111/memoirsofmommyhood.info (Office365.zip)/Office365.zip,78765,4e37800f458bd2b3b0a26dfa2676b23a93b06ef3,06ebbed46a2ccb382f72674ed7e5a9c2dad4fc9c22d25f6660fbe2d3b879ebb4,https://memoirsofmommyhood.info/MOUNTVIEW/Office365.zip,,inferred
2021/202111/security-update3wellsfargo.duckdns.org (16Shop_PayPal_Priv_Clean(1).zip)/16Shop_PayPal_Priv_Clean(1).zip,6914170,f2b34b0989a3724bf8ebd6fdf308453c9d338621,1622e9a7c255e7dff4fe5844df6d9ab7049cc5a9f7cd278385ff037a803f9687,https://security-update3wellsfargo.duckdns.org/16Shop_PayPal_Priv_Clean(1).zip,,inferred
2021/202111/staging.stampmart.in (googledoc.zip)/googledoc.zip,251645,9b207a76f1a0403a779e42a598c4ada610bec7bd,1f86045fcb1ec1d8e4806a5f7c4f365799be7d68bbb8447686fdda240c476191,http://staging.stampmart.in/wp-includes/googledoc.zip,,inferred
2021/202111/wellsfargo-securityerror.duckdns.org (xbalti%20updated%20V6(2).zip)/xbalti%20updated%20V6(2).zip,2024049,dae73ae6475875e10bdd0d3ac4ecfe76bbd3ddd6,bfa89a1504f800db541a377ecd48c39fff9416bd69d6f89eba5a5a0e0e50b5d6,https://wellsfargo-securityerror.duckdns.org/xbalti%20updated%20V6(2).zip,,inferred
2021/202111/www.bum.com.ar (facebook.zip)/facebook.zip,113797,24945070e96d70955af25c580c181bbcff561f43,f9ccaa99f259a7f6116ac0d435c920876a1d34a8f1f35053aa051be5ddd5c304,https://www.bum.com.ar/facebook.zip,,inferred
2021/202111/www.jismksathtool.com (office365-MD6-Popup.zip)/office365-MD6-Popup.zip,1635904,8e351f2b08aa2faa1aa21ff21b9d590650f315d0,facd83a8bc207e1e6f726419f36ff7d1264f44875802e0c1998470725bdac131,http://www.jismksathtool.com/Newoffice365verify/office365-MD6-Popup.zip,,inferred
2021/202112/artemgabuevshiola.com (tatal.zip)/tatal.zip,425781,91adf3cd928b97aa652aa4c663eb8b717dc8cabc,03a7fef5021fd2e8756b5806eff8ab88bd0128ec50169173501cc0ea32050b05,https://artemgabuevshiola.com/office365/tatal.zip,,inferred
2021/202112/awesunswimwear.com (linkedinn.zip)/linkedinn.zip,48346,843fb13801aa3b4ee8725d33528e45e6cd50d7d2,35dae0ae3edac77074e7b76fed32e8dc8f6b328006f184e33579131d26079bd6,https://awesunswimwear.com/sf/linkedinn.zip,,inferred
2021/202112/covidboardgame.com (tatal.zip)/tatal.zip,425781,91adf3cd928b97aa652aa4c663eb8b717dc8cabc,03a7fef5021fd2e8756b5806eff8ab88bd0128ec50169173501cc0ea32050b05,http://covidboardgame.com/office365/tatal.zip,,inferred
2021/202112/ener-vibes.com (RDx85.zip)/RDx85.zip,66482,0af743a95b1190203441c6ffedd1d238b6964b39,3bf034c74529619b3f1ff6b6c9784e7a1dbfa2d1a96bd20ee4beb38f83de4a8d,http://ener-vibes.com/secure/RDx85.zip,,inferred
2021/202112/erep.mx (OWA_SHARP.zip)/OWA_SHARP.zip,5997234,68a7d6f9b3390f5e320bdeeb60da9d7f94cb73e6,b5126525cfc0fa23a9978cddcce4610a3e2e9fa0a286fe6035080b2726004c07,https://erep.mx/owa/OWA_SHARP.zip,,inferred
2021/202112/floridacleaningsystems.com (content.zip)/content.zip,32074,b5b69a1d9203d0e231496f198c0dcd1fa4114fa2,2d7b25647a962d832c1ecfbb54fba51b12a7af1d877d08c5d828e36f9529bd67,http://floridacleaningsystems.com/Lnk/content.zip,,inferred
2021/202112/hbsi.ph (Paypal.zip)/Paypal.zip,1913156,2827434a1f72a7838655d05b1f803e0c6add236f,e50f92fc862ce97031f868418b63186f3f448dacf57d2e9239cccf9b1f4e75fc,https://hbsi.ph/wp-content/themes/twentytwenty/template-parts/Paypal.zip,,inferred
2021/202112/hrm-interface.byteshosting.team (daium.zip)/daium.zip,21747,9508d7dd513aa5531cd8185199576e809cf5cb05,c0426f1e9a416d2290ce42c525a694a393830467c6818704f160fe54be961ac7,https://hrm-interface.byteshosting.team/vendor/phpunit/phpunit/src/Util/PHP/daium.zip,,inferred
2021/202112/hvasjhdsd.com (amaz.zip)/amaz.zip,3474992,73f354d7681231a099808d4eb7feaadede46f121,625a15bc8d2c4b24bf0cfd951c91003b390b9b8956fefd82a5fe34c48e877708,https://hvasjhdsd.com/ama/amaz.zip,,inferred
2021/202112/lisa.unmuha.ac.id (office365.zip)/office365.zip,50142,d7d4c612417750922d11f220dc1cc20f47c19982,3d8c23c99efb33ee6571425bd96a31fd80783728747d3d4361679035892c8408,,,
2021/202112/mitsuya-no-sato.com (v3.zip)/v3.zip,304721,6493445fd2a94f02cf87b3479f1659fda5962758,b6d7f5e47e6719c3c447960a60b0bd1a8c3af62b28bf83d2d040c330ec1d8f40,http://mitsuya-no-sato.com/v3.zip,,inferred
2021/202112/paypal-secure0b.duckdns.org (xzibit%20paypal.zip)/xzibit%20paypal.zip,2383600,2d99609a37ba841c4cb0746f766ebddd1939ce62,a240a13d4a07dc2ed2319dcb8e1acd9dee99f7325653fab76d8953684c0358ef,https://paypal-secure0b.duckdns.org/xzibit%20paypal.zip,,inferred
2021/202112/reamazon-0pxo79z.duckdns.org (amz16shop2021.zip)/amz16shop2021.zip,5533412,1ec8cc4890eb164711a2a47d034baa45f539223b,e13f907c4424658e4ca1a893cef0eab3100ad78457c276f4af3fe77f7b0b8f1b,https://reamazon-0pxo79z.duckdns.org/amz16shop2021.zip,,inferred
2021/202112/santander-details.com (santanderadam.zip)/santanderadam.zip,933925,06a9b71186fe2b0b64cc604b68ed9c8457674023,bb5a421e3817fce5bf5f15fb0582aedcacafbf006585ad50ae01ede61c536561,https://santander-details.com/santanderadam.zip,,inferred
2021/202112/spotify-checkid.net (update.zip)/update.zip,130855,f89d78b8e39d5452bc54a841a03ffbed158bfbae,4b9a01998d8d00e7d35d2af6ef7a136e8c3716e68766c2432ef46b82a37d56e0,https://spotify-checkid.net/update.zip,,inferred
2021/202112/wellsfargo-supp0rt.dynamic-dns.net (Wellsv2.zip)/Wellsv2.zip,560020,6988ebe5859ed48b43b08211e023e21ed79cd2a5,b7c298cc847d6db32c86f9b6b71dfc722f19743d06bcb24beb0a45b27180b3fa,https://wellsfargo-supp0rt.dynamic-dns.net/Wellsv2.zip,,inferred
2021/202112/yuma.mx (netflix.zip)/netflix.zip,1409692,3f72065de3d2e901eaf8898481fa822c6ec8f377,ca3541b182305cd38fa0169bab233a50f4c3157126c70d147c09427398217ff3,http://yuma.mx/netflix.zip,,inferred
2022/202201/appleupdate.hypnoseformation.com (Apple2.zip)/Apple2.zip,3296567,c61bdf1ecd1feaee5ab71ddc661d9e468db0d209,7347eb0c97a03bb73262f9e58352cfe1862ceaf0d72938a24411253488706374,https://appleupdate.hypnoseformation.com/Apple2.zip,,inferred
2022/202201/ascbfuiwe.com (amaz.zip)/amaz.zip,3475017,053c519cd0579b4403196000232f5ae078762074,b36a436adff6d98ebfe70a5cfe68e65010d6e8fe7b861496b207a95a8d5cedbf,https://ascbfuiwe.com/amaz/amaz.zip,,inferred
2022/202201/barussteel.ir (Easy.zip)/Easy.zip,747024,ecd9ebd3052f17428d9b0b3b2aac306d03d51f7b,881b3252830980f3078d6515529fe29d298e744bd77dc3e5ce60987b2234b24a,https://barussteel.ir/Invoiceatttachment/Easy.zip,,inferred
2022/202201/beyoncesintern.com (crown.zip)/crown.zip,746582,2ae29a5525519ff8b1aeffea12bf50e526d8fb4e,c50836453c6c4bad85c153c744cd1f0c87ff9b5067cf8b3f53bc108da01f9650,https://beyoncesintern.com/payment/crown.zip,,inferred
2022/202201/chefki.com (Office365.zip)/Office365.zip,744484,b689b5e3e588515b1a7f3697ebfaa12ed9b10e2c,e51e5e04237a2c24113d61086e7e66a9861ecdf2761733b2f65bc239a4d89e1e,https://chefki.com/greyfox/Office365.zip,,inferred
2022/202201/craiglordba.com (noregretsllc911.zip)/noregretsllc911.zip,66467,c4eea980c0b647a43dc33a2431189bbccc3233c0,fde80467f1a029f3d932993f5fef825df1a3bc29193f75a1ce4315b5c3a5d39d,https://craiglordba.com/AAA22/noregretsllc911.zip,,inferred
2022/202201/detroitkollaborative.com (Setoo.zip)/Setoo.zip,746585,c5eadc133ea911289477282254ef231a21aad7ce,f1fea9e375e87f4744e70547e87c1b8fd1e53a8bbc2d15a5759c9e6d2f39778e,http://detroitkollaborative.com/Ondrive/Setoo.zip,,inferred
2022/202201/dmankit.in (Amazon.zip)/Amazon.zip,2391909,3942ddc621cd1fa2e88002c73583df86b7dee032,894234af3874e9d8eaa267ddfbfecdcb3d70523351c335df1e0551e1a6a981da,https://dmankit.in/wp-content/plugins/Amazon.zip,,inferred
2022/202201/etrxchdx.com (amaz.zip)/amaz.zip,3475017,053c519cd0579b4403196000232f5ae078762074,b36a436adff6d98ebfe70a5cfe68e65010d6e8fe7b861496b207a95a8d5cedbf,https://etrxchdx.com/amazon/amaz.zip,,inferred
2022/202201/haystackinstitute.com (crown.zip)/crown.zip,746582,2ae29a5525519ff8b1aeffea12bf50e526d8fb4e,c50836453c6c4bad85c153c744cd1f0c87ff9b5067cf8b3f53bc108da01f9650,http://haystackinstitute.com/voicemail/crown.zip,,inferred
2022/202201/improvefinancialsolutions.com (crown.zip)/crown.zip,746582,2ae29a5525519ff8b1aeffea12bf50e526d8fb4e,c50836453c6c4bad85c153c744cd1f0c87ff9b5067cf8b3f53bc108da01f9650,https://improvefinancialsolutions.com/payment/crown.zip,,inferred
2022/202201/lbraddahsdeta.com (amaz.zip)/amaz.zip,3474992,73f354d7681231a099808d4eb7feaadede46f121,625a15bc8d2c4b24bf0cfd951c91003b390b9b8956fefd82a5fe34c48e877708,https://lbraddahsdeta.com/am/amaz.zip,,inferred
2022/202201/lisa.unmuha.ac.id (office365.zip)/office365.zip,24346,e80d4938def0b571996859dc5f27d69fd9716d2c,b71db2f0eb5621de717fc4a331f5e4cb68656771cf038e6da531ac4e5606ced1,https://lisa.unmuha.ac.id/webservice/classes/privacy/office365/office365.zip,,inferred
2022/202201/lisapenawongnails.com (amaz.zip)/amaz.zip,3474992,73f354d7681231a099808d4eb7feaadede46f121,625a15bc8d2c4b24bf0cfd951c91003b390b9b8956fefd82a5fe34c48e877708,https://lisapenawongnails.com/ama/amaz.zip,,inferred
2022/202201/misaelrosetti.net (crown.zip)/crown.zip,746582,2ae29a5525519ff8b1aeffea12bf50e526d8fb4e,c50836453c6c4bad85c153c744cd1f0c87ff9b5067cf8b3f53bc108da01f9650,https://misaelrosetti.net/payment/crown.zip,,inferred
2022/202201/mono-life.com (googledoc.zip)/googledoc.zip,251624,53917fdf61930830e123a0139f07794b894b87be,9ebee251dba6fc92deb58cee140d7cd4176b0946b651fdfc7bce742b00825b3c,http://mono-life.com/googledoc.zip,,inferred
2022/202201/mrinurse.com (updation_XO.zip)/updation_XO.zip,746418,cab9212520ae307a632326bf9c939a68df2ccfcc,2c9159b9a2f727444f697e7b979c382e2cf88e34e7591add8497c09648aad8ab,http://mrinurse.com/wp-office365/updation_XO.zip,,inferred
2022/202201/netflix-login02b.ddns.net (NETFLIX%5bMRWEEBEE%5d.zip)/NETFLIX%5bMRWEEBEE%5d.zip,4402872,6e3da67c1a08a294b9ddc346ffb2569bb64d8d61,7d721fc163dbd3ef19379ded635fabcee56948ab6fb7593f757147c7b913a136,https://netflix-login02b.ddns.net/NETFLIX%5bMRWEEBEE%5d.zip,,inferred
2022/202201/paypalsup3.temp.swtest.ru (home.zip)/home.zip,514814,31f76fd32617c0dd1c5da0261ceab2a8d32eea59,a8d098b19d0ba797ee339e595478edf880b3e875e20b6f6d06d18a1064bd0986,http://paypalsup3.temp.swtest.ru/home.zip,,inferred
2022/202201/pienetwork.in (aol2.zip)/aol2.zip,4435,0e3aa42b862feb42ae9736a1ef22d1af478ec3b0,3057de7aaf39e4373ac9f1754eefbf78dc5812b91fd5f6f8eff4e296505cf4c7,https://pienetwork.in/goto_adminn/upload/steay/aol2.zip,,inferred
2022/202201/simmatek.com (netflixca.zip)/netflixca.zip,280079,e6902a12f383f5b7b88aeb8ade857177bef19d39,5e98ce904b12cc6793ed6cdf0370bb309c4da41a229a4bdd014649158c19ca59,https://simmatek.com/netflixca.zip,,inferred
2022/202201/sjdnfufbwrer.com (amaz.zip)/amaz.zip,3474992,73f354d7681231a099808d4eb7feaadede46f121,625a15bc8d2c4b24bf0cfd951c91003b390b9b8956fefd82a5fe34c48e877708,https://sjdnfufbwrer.com/Ama/amaz.zip,,inferred
2022/202201/unillantas.com.sv (75.zip)/75.zip,4058282,a6f31eeb46df98e0008f80c87beb637766f3bd7f,ad83067f5401562030fbc56500fc139a0bc5ff2b8f8e2f3f7c8d4c441f290ba5,https://unillantas.com.sv/dropbox/75.zip,,inferred
2022/202201/vps28365.inmotionhosting.com (office.zip)/office.zip,322308,4c42208b0514561fa412ccb0011026b951bed19b,5f81ab8b453a208bb8eaabd68c84b9a753a10a133ae7a12a3d4ef8a86d9626ca,https://vps28365.inmotionhosting.com/~pretty56/centrapp.com/hotmail/office.zip,,inferred
2022/202201/www.principalsignings.com (expoutlook.zip)/expoutlook.zip,473632,046c77b502e07e1ddb8ea6f3e8228e1a1273a300,06abbf6a551691ad46f659cfda87f61c7dda71599dd74f771c8cb146e0564f8a,http://www.principalsignings.com/firm/expoutlook.zip,,inferred
2022/202201/www.schreven.group (googledoc.zip)/googledoc.zip,251618,db16d907aaa52d04eecd86bc6748c50af01cc951,5b834d07507f9f61b63740a0f61cf49f6fe1922a67709a787ded882ab94ca87a,http://www.schreven.group/.tmb/googledoc.zip,,inferred
2022/202201/www.thedesignmantra.net (voicee.zip)/voicee.zip,989455,5495a4535cdf10890226ba2ef991dd9f1a14d3fe,929040f0b782d83d4061c64c90624a8cd0df6c50c3c5d01d4486b7fd24230ca2,https://www.thedesignmantra.net/wp-admin/user/review/docs/voicee.zip,,inferred
2022/202202/amazon-idservices.duckdns.org (Freak%20JOHN.zip)/Freak%20JOHN.zip,4426432,d693e93a10f83d2dffea5fe6d81d61b889ab462d,64cf80b89ae8f691fcc2bf0a55bfc78b8b87cbecb845e1f6648b3648cbb55af7,https://amazon-idservices.duckdns.org/Freak%20JOHN.zip,,inferred
2022/202202/amazon-recover.duckdns.org (report.zip)/report.zip,4258985,b0b79ffd83d76997ff8fdfc35c5a97b418c5bb5a,e3cf7f25ccc80d1adcac0fd914739bb8316aa9270bc1b34f2f517a3cb1c631c4,https://amazon-recover.duckdns.org/report.zip,,inferred
2022/202202/bmlift.com (365%20(1).zip)/365%20(1).zip,576912,6e13dd00f41c0ab5972d0c6a98823dfa94e5e9d6,94cfd39651f797bf2792410dcf78f17d5ea3347d96f27e4fe5be42cca8874a4d,https://bmlift.com/auth/365%20(1).zip,,inferred
2022/202202/caletaplay.com (updation_XO.zip)/updation_XO.zip,746418,cab9212520ae307a632326bf9c939a68df2ccfcc,2c9159b9a2f727444f697e7b979c382e2cf88e34e7591add8497c09648aad8ab,https://caletaplay.com/investment-office365/updation_XO.zip,,inferred
2022/202202/dev.dmitrysorokin.ru (microsoft.zip)/microsoft.zip,884315,2b472280d234d12b0b56c4be485ed23dcfa66c4b,93e67adff4012ec95edbbb5604264061cf38d08238c1222ec92d04c60356b193,http://dev.dmitrysorokin.ru/microsoft.zip,,inferred
2022/202202/gjaquaponics.com (365%20(1).zip)/365%20(1).zip,576928,73f314be78196a9b0215828b0b4f47bf77c5e800,eff31a0f11b0278322661258f6900ccc3d9aee60cb9cb4397d57b2e6a8de5ab7,https://gjaquaponics.com/css/365%20(1).zip,,inferred
2022/202202/hram-pavlino.ru (uspsteam.zip)/uspsteam.zip,163447,f3e0faa6704db6b246ad66809fb972978ff7a574,77832c8200378faf0b7405a4af8c4ba037442f66ef86f1bc5d351533d4c66766,https://hram-pavlino.ru/wp-content/uploads/2022/02/uspsteam.zip,,inferred
2022/202202/karmartec.com.au (dropbox.zip)/dropbox.zip,840250,0a3e852889b511db8add1afddaff9d9517d467a9,8e8d666df4e36b2f447de7cd7d6670b2cb813200a49d6e8c23e3932619d6db0b,http://karmartec.com.au/fill/droppp/dropbox.zip,,inferred
2022/202202/libertyutilitygroup.com (office365newupdate.zip)/office365newupdate.zip,2677974,43eec52459818767ba78345807521083993ba652,bf07bd81946c3b5258468a90b2feb5c26eeaafb0719639794f0339b1ec631da0,https://libertyutilitygroup.com/office365newupdate.zip,,inferred
2022/202202/marbeetrading.com (Netflix.zip)/Netflix.zip,276021,eb99a4470dc3f572b7b8689f4ef33867c0e68b57,d6f30aefc973e9b2af224cb9fc95276ea652c32a4fcb81db4e0560a0d8a513bf,https://marbeetrading.com/Netflix/Netflix.zip,,inferred
2022/202202/netfiix-account.duckdns.org (net.zip)/net.zip,527339,bd960c9df2b19c2b888a5e63f7d8fa43bf30b101,ea91f4924cef01589517ad6f2c7b00c6bb9cffa2c2a286ef34b2561ed8565a77,https://netfiix-account.duckdns.org/net.zip,,inferred
2022/202202/radiorps.com (WellsFargo.zip)/WellsFargo.zip,98288,4e19ddd888b3a6f3fcd87c36b5902e76ec90503f,2152b8e71e73861054eb585ba2c8cfa7f108d5b4f003621aa9c1d9b2719db253,https://radiorps.com/Wellsfargo/WellsFargo.zip,,inferred
2022/202202/rise.as.tufts.edu (voicee.zip)/voicee.zip,989455,5495a4535cdf10890226ba2ef991dd9f1a14d3fe,929040f0b782d83d4061c64c90624a8cd0df6c50c3c5d01d4486b7fd24230ca2,,,
2022/202202/santande.r-login.redirector.techsooch.com (santander%20(1).zip)/santander%20(1).zip,1806147,c91d974fb232b06a1a244ac7b9ba60e12cd997cd,fa337c1e8334f27446c070cdea51910cf5554bae06890944df049cca83cd6d50,https://santande.r-login.redirector.techsooch.com/santander%20(1).zip,,inferred
2022/202202/support.eoapple.com (i.zip)/i.zip,4750378,e29847254544612ea5559f18437e58591c6094b2,a501f92229472bb10d324a34c4da0b83def765f73cf37ef9f5eedc7c26f4c3d9,http://support.eoapple.com/i.zip,,inferred
2022/202202/support.location-apple.cc (i.zip)/i.zip,4750378,e29847254544612ea5559f18437e58591c6094b2,a501f92229472bb10d324a34c4da0b83def765f73cf37ef9f5eedc7c26f4c3d9,https://support.location-apple.cc/i.zip,,inferred
2022/202202/tecnologia.ibbca.com.br (tokenbbvafncs3.zip)/tokenbbvafncs3.zip,758016,1ccc570c4c94bed47cc7f08aba14c863fc946c6a,83df29c194d9846464e7a9c99b5582b1b6eec67916f248245c80332433b9cb24,http://tecnologia.ibbca.com.br/tokenbbvafncs3.zip,,inferred
2022/202202/testeloja.osdiscipulos.com.br (linkedin.zip)/linkedin.zip,47383,a4c354155e5344ee044d519a8392814f2d8c0c08,4ddf71ccdaba4dbca1fafbf5fc80ade6ff7627f70b40398216351a0357784e55,https://testeloja.osdiscipulos.com.br/bella/linkedin.zip,,inferred
2022/202202/wellsfargo-signin02b.dynamic-dns.net (WELLS%5bMRWEEBEE%5d.zip)/WELLS%5bMRWEEBEE%5d.zip,3709071,d69e45b27b9d6eeec46181c2d57833ae0cf8cf51,61ce1d3dee7af088879a9fdff6c9b9cb9ec6d06de5eb9d4f5674ee4ee47fb4f8,https://wellsfargo-signin02b.dynamic-dns.net/WELLS%5bMRWEEBEE%5d.zip,,inferred
2022/202202/www.improvefinancialsolutions.com (crown.zip)/crown.zip,746582,2ae29a5525519ff8b1aeffea12bf50e526d8fb4e,c50836453c6c4bad85c153c744cd1f0c87ff9b5067cf8b3f53bc108da01f9650,http://www.improvefinancialsolutions.com/payment/crown.zip,,inferred
2022/202202/www.misaelrosetti.net (crown.zip)/crown.zip,746582,2ae29a5525519ff8b1aeffea12bf50e526d8fb4e,c50836453c6c4bad85c153c744cd1f0c87ff9b5067cf8b3f53bc108da01f9650,http://www.misaelrosetti.net/payment/crown.zip,,inferred
2022/202203/bristoldojogym.com (content.zip)/content.zip,32448,d55572b59aa59dc68dd1b9c8331ea70183695793,8e5c540c4c1254e3b0bca596af5a59bdeeb256a233d290818a2bc173b34b313d,https://bristoldojogym.com/wp-content/content.zip,,inferred
2022/202203/charliesherman.net (x3342xsda.zip)/x3342xsda.zip,759583,34c764e85ca9f4f41a765932bb108e24f4dc9d16,57beb29acbd8b11084ea0b5ca5ed7cd3dc5b2a2b009444e132380c28c4d7350f,http://charliesherman.net/apple/x3342xsda.zip,,inferred
2022/202203/charmcitybet.com (Slimsdropb.zip)/Slimsdropb.zip,3489733,6acc38ab6d97addd9383b219cc76b3c23293baaa,1ade3bc8577a55bb2ab9317178b67d1e8fcedf5434b2c37f9273268c71711db7,https://charmcitybet.com/signature/Slimsdropb.zip,,inferred
2022/202203/colegiointernacionaldelima.edu.pe (facebook.zip)/facebook.zip,961442,f4272c4d34929bd6c7f99421326df457a3e1c94e,08c0e6f0473c7236c0767de4a4256273f3d36607abeab661b035f4786c314035,http://colegiointernacionaldelima.edu.pe/facebookl/facebook.zip,,inferred
2022/202203/pasaportinsaat.com (office365-MD6-Popup.zip)/office365-MD6-Popup.zip,1642938,2c65c186443f4dddc3f1fef838ee0616280e868e,9917d54365824eab0b6d3adeda0eb6981453aec9c2fe04e80bb8a5672c7fa83c,http://pasaportinsaat.com/Wallet/office365-MD6-Popup.zip,,inferred
2022/202203/popedmmb.org.in (coronavirus.zip)/coronavirus.zip,84988,47c297699e6b74420527aec561b7f6514fc35c8d,030f3e4109120a90714d0f2224910c9cd19bceb1c5787f19eef936affa7d14a9,http://popedmmb.org.in/coronavirus.zip,,inferred
2022/202203/rgjeweller.mu (Office365.zip)/Office365.zip,753857,14ba015dd768e520d52d89f73c0ae7524c30a42e,dbdc73986a90d4d960202c6a57fdbd05a9a4a610fc481ec7b08bcd72c8e48969,http://rgjeweller.mu/modules/mod_simplefileuploadv1.3/elements/Upgrade/Office365.zip,,inferred
2022/202203/wellsfargobankonlineaccess.duckdns.org (WelFago.zip)/WelFago.zip,959637,a9d906d4055cf290b99bde7cddc90c3925a6cbf3,8873a05e2cbb2f69552eef32c0fc46eb1f9fb673bd2c05297933018d0b4cfe9d,https://wellsfargobankonlineaccess.duckdns.org/WelFago.zip,,inferred
2022/202203/www.successlines.org (Dropbox%20(3).zip)/Dropbox%20(3).zip,2597657,c39e7d14a7c37b084f27bef5c2ca2934a9eb1996,d45bd333065d24e6108fa9bc84dff7d3e8cd4a9f4f7f04e68a4806f5dba6e6a7,https://www.successlines.org/home/dropbox.com/Dropbox%20(3).zip,,inferred
2022/202204/6a3a5771-update-netflix.duckdns.org (Account_Update_aYgTh7Vpk6DcnCFLE8XEHgxRwkaPGm.zip)/Account_Update_aYgTh7Vpk6DcnCFLE8XEHgxRwkaPGm.zip,2789825,25e174325ac6494334dfedcef93d2ee59e384430,84c5be23ce12927d04a1b5b8a81fd8a872c98f5ab15337ee984d77b852ccef8d,https://6a3a5771-update-netflix.duckdns.org/Account_Update_aYgTh7Vpk6DcnCFLE8XEHgxRwkaPGm.zip,,inferred
2022/202204/aloe-gh.com (new%20box%20page%20(4)%20(1).zip)/new%20box%20page%20(4)%20(1).zip,1316850,482ed636ee05621a5d12e7cbfc02bc226afbd0c4,ef6de315b0e883fba86c3d5ef384c2801c67fe1d60b2ed8607bb54a1ebf40683,https://aloe-gh.com/office/new%20box%20page%20(4)%20(1).zip,,inferred
2022/202204/cd06265.tmweb.ru (accountmicrosoft.zip)/accountmicrosoft.zip,1738231,af6e6d6b0695ed38998ca83f614b450579ecdfae,46a029768f180cf7a37eccefff588d258962c6d4a93c409e8bca4ea665b9f9c0,https://cd06265.tmweb.ru/accountmicrosoft.zip,,inferred
2022/202204/cliente.grazdesign.com.br (microsoft.zip)/microsoft.zip,884315,2b472280d234d12b0b56c4be485ed23dcfa66c4b,93e67adff4012ec95edbbb5604264061cf38d08238c1222ec92d04c60356b193,http://cliente.grazdesign.com.br/microsoft.zip,,inferred
2022/202204/correos-express.ml (home.zip)/home.zip,3161963,681578dc97e41df18412d23133e4ce00f636a5fe,00ba1625040525d0509bdaaab46484d9757117d0f21746e2e6600eb03fd14067,https://correos-express.ml/home.zip,,inferred
2022/202204/henrycountyplanning.com (well-fargo-fresh-RD617-detail-id-cc-emdouble.zip)/well-fargo-fresh-RD617-detail-id-cc-emdouble.zip,1092961,28610acfdc05df240221d16776b4a93d85b88016,09f1d26980af8811a86f9a42c74698c686d0a94ecb266ed9666d15da4cfeb909,http://henrycountyplanning.com/secure.online.wellsfargo/well-fargo-fresh-RD617-detail-id-cc-emdouble.zip,,inferred
2022/202204/meine.konto.gesperrt.netflix.mashingub.com (netflixdeid.zip)/netflixdeid.zip,1295341,e385d7d139efa82a966852bc93e723f29f127669,a67e62c37981064f10fbd9ba283f215d8e712189347e87a2f0cc19f4f30334b5,https://meine.konto.gesperrt.netflix.mashingub.com/netflixdeid.zip,,inferred
2022/202204/nabilanaz.com (Wells%20emaicc%20(1).zip)/Wells%20emaicc%20(1).zip,2102532,ee7c43e4daab2264e058d5ae40dd75598dbf4473,8d924057d3d96e9b2dbca2a8891be0e6f39e30b0ab296c958cb2b81c78f1d8b7,https://nabilanaz.com/in/Wells%20emaicc%20(1).zip,,inferred
2022/202204/netflixcarenow.duckdns.org (Netflix%202020%5b.Panda.%5d.zip)/Netflix%202020%5b.Panda.%5d.zip,527339,bd960c9df2b19c2b888a5e63f7d8fa43bf30b101,ea91f4924cef01589517ad6f2c7b00c6bb9cffa2c2a286ef34b2561ed8565a77,https://netflixcarenow.duckdns.org/Netflix%202020%5b.Panda.%5d.zip,,inferred
2022/202204/netlflix-help.com (browse%20(1).zip)/browse%20(1).zip,1250086,6aa1c09ad272ed80fb6e872079a74ab34985bbc1,7c217610766bacb950934a5b4fd0aaa7f4903a72218993ff5de916210893ad66,,,
2022/202204/panoramaplomari.gr (office365-MD6-Popup.zip)/office365-MD6-Popup.zip,1642938,2c65c186443f4dddc3f1fef838ee0616280e868e,9917d54365824eab0b6d3adeda0eb6981453aec9c2fe04e80bb8a5672c7fa83c,http://panoramaplomari.gr/Office/office365-MD6-Popup.zip,,inferred
2022/202204/paypalinf3.temp.swtest.ru (home.zip)/home.zip,531349,7905314b965688ed9074df85603182349c274c71,ccef2c20962498f2825d4e0a76e99c2b9f0040b2a4d3e8ec549238bdebff9039,http://paypalinf3.temp.swtest.ru/home.zip,,inferred
2022/202204/safrs.duckdns.org (Netflix.zip)/Netflix.zip,978593,e8aeeb68e28d865a25b54a73a38f16bea48e150b,7bf1d724da26c26422f65bec5aaf5f30f4b55bb0fc10759d416231cdde6f8c2d,https://safrs.duckdns.org/Netflix.zip,,inferred
2022/202204/sagradocorazonmc.net (updation_XO.zip)/updation_XO.zip,746418,cab9212520ae307a632326bf9c939a68df2ccfcc,2c9159b9a2f727444f697e7b979c382e2cf88e34e7591add8497c09648aad8ab,https://sagradocorazonmc.net/microsoft/updation_XO.zip,,inferred
2022/202204/securedaccessnetflix0001.duckdns.org (v2.zip)/v2.zip,816231,71bc9e2c3a628bc7e02e5d9238a3234a4fc0c19f,367aa61c2c3258648af6dd0b1bf0e12634c773f95012a96ef19d963c4e97d0c0,https://securedaccessnetflix0001.duckdns.org/v2.zip,,inferred
2022/202204/tamraz.net (FUNMI.zip)/FUNMI.zip,53233,17f6c358b1f98c1d76fb58910c256ccbc41739b7,7f100b9c5c67531e235552fc492fd36d8af6435a458c2b1910f7edc4775aadfb,http://tamraz.net/images/FUNMI.zip,,inferred
2022/202204/tamraz.net (drpbx.zip)/drpbx.zip,297928,c69ce89afd5f832470e5b4fbbfdb9513b7ebc29d,2ddee10916cfb4327e6fc635b82f242f2ee72fa954a1fda2fcaf9bc308117ee4,http://tamraz.net/images/nov/drpbx.zip,,inferred
2022/202204/tedeum.com.sg (genWeb.zip)/genWeb.zip,446615,edc4ee66a7fe3abf06538bd1635038160705ca2f,aeb96f7b6b4516e01f97736ad805605579d674e9c1f7bd246d4b025c281a42f0,https://tedeum.com.sg/genWeb.zip,,inferred
2022/202204/wellsfargonline.duckdns.org (login.zip)/login.zip,1565850,67e1c43fd6dc6680f2a3fca1f387d6776899b116,3ee80afe6894c5327154f5eec9159726197453d87056e9987e586db8b86430d5,https://wellsfargonline.duckdns.org/login.zip,,inferred
2022/202204/windowstothesoulhealing.com (AAA%20NEW%20WIZ.zip)/AAA%20NEW%20WIZ.zip,746396,0824be8069009fcdf99bcb1fe9a01fbfffefe7d7,874a52d134d959fef15338c0a7f241c978660af9cafd33a77b1899e0da54b9c0,http://windowstothesoulhealing.com/NipponThompsondoc/AAA%20NEW%20WIZ.zip,,inferred
2022/202204/www.agricloud.ro (Airmylatestoptimumpage.zip)/Airmylatestoptimumpage.zip,1137449,000a7f02fa2894c43ca397500bdbfe8a418a7045,31dd7afc03dc1e2ad4a8a13176b0780466d5c3187ff8e9f742d16b3830a9125f,https://www.agricloud.ro/wp-content/connections/Airmylatestoptimumpage.zip,,inferred
2022/202204/www.ledprofesional.sk (stem.zip)/stem.zip,519046,2d51e8ef34bc4ec37068f2a46795ba4332ffba04,ddfdac7146b834a77ee15dad6794aa9d5235f41e6a8d36322a2732c9a06aed89,http://www.ledprofesional.sk/sites/all/themes/bluemasters/css/stem.zip,,inferred
2022/202205/amaz0n-support-team.duckdns.org (Amazon%20by.zip)/Amazon%20by.zip,6330414,9fe38112ac27cd57fadb6370ee83b969e567a4b3,c3527786fc5373cf1a22ef269e47ed1179cca990476ee2d5175bfcb46b2d82a3,https://amaz0n-support-team.duckdns.org/Amazon%20by.zip,,inferred
2022/202205/amaz0n-support-team.duckdns.org (amazon%20(4).zip)/amazon%20(4).zip,379922,ba4881e8eb8770c483d013ab32f197af847f1be1,43b136c80859299e068014cba265b7e7f7828b33bac5de1698082c0dec89fbb8,https://amaz0n-support-team.duckdns.org/amazon%20(4).zip,,inferred
2022/202205/apple.com-ialerts.info (831723457.zip)/831723457.zip,1762,70693e6522fb9dc155201e880bfbd039e6151b64,f457980d335492167c8c44ed17a4f3197f10b318ddc2262eedde28d76b341fee,https://apple.com-ialerts.info/831723457.zip,,inferred
2022/202205/apple.com-ialerts.info (NewiGreen%20iMap%20added.zip)/NewiGreen%20iMap%20added.zip,17827088,24eb24a36326de2d81e40a002671008021354afc,b4980522ef595b5b6f22def9df3a5f9341a914cd4d1eb13b4113b660989a5c1f,https://apple.com-ialerts.info/NewiGreen%20iMap%20added.zip,,inferred
2022/202205/artoftide.com (crown.zip)/crown.zip,746582,2ae29a5525519ff8b1aeffea12bf50e526d8fb4e,c50836453c6c4bad85c153c744cd1f0c87ff9b5067cf8b3f53bc108da01f9650,https://artoftide.com/invoice/crown.zip,,inferred
2022/202205/cg85771.tmweb.ru (accountmicrosoft.zip)/accountmicrosoft.zip,1738231,af6e6d6b0695ed38998ca83f614b450579ecdfae,46a029768f180cf7a37eccefff588d258962c6d4a93c409e8bca4ea665b9f9c0,https://cg85771.tmweb.ru/accountmicrosoft.zip,,inferred
2022/202205/ch71901.tmweb.ru (accountmicrosoft.zip)/accountmicrosoft.zip,1738231,af6e6d6b0695ed38998ca83f614b450579ecdfae,46a029768f180cf7a37eccefff588d258962c6d4a93c409e8bca4ea665b9f9c0,https://ch71901.tmweb.ru/accountmicrosoft.zip,,inferred
2022/202205/cr72172.tmweb.ru (accountmicrosoft.zip)/accountmicrosoft.zip,1738231,af6e6d6b0695ed38998ca83f614b450579ecdfae,46a029768f180cf7a37eccefff588d258962c6d4a93c409e8bca4ea665b9f9c0,https://cr72172.tmweb.ru/accountmicrosoft.zip,,inferred
2022/202205/freemavensguild.com (Netflix.zip)/Netflix.zip,519866,2c43cbd8729f167f82b9a4c2f35689bffe34be24,c6a7ce50da2d2c6983edf8da0c275b486f8c56f9dcc88eedddc14bbefb28cea4,https://freemavensguild.com/Netflix.zip,,inferred
2022/202205/havsingh.com (drbtc.zip)/drbtc.zip,3597769,725fdbdd1f789549b495afe54b423e49a4e144d6,dbe8a23daec5023be0deb7bb549cd68e55fa0e80c856cbae9e588b558b5fc6fd,https://havsingh.com/drbtc.zip,,inferred
2022/202205/hdmiintl.org (vystarcreditunion_mobile.zip)/vystarcreditunion_mobile.zip,1029543,2d61a9c4fc80ec393d549d4bc8d34ec2d0851bef,330c9ca96fd80adee824a270fe7faaa34169feec3086ac6ba7c12b9b9f825d75,https://hdmiintl.org/online/vystarcreditunion_mobile.zip,,inferred
2022/202205/joybrothersltd.com (office365.zip)/office365.zip,1743494,ac9afb6161fd163a81ed22e7d5529cbaa9a361d5,1863df16d39fbc53e79336d95add057ba9ccf858251d15d60a8269f53bd43949,http://joybrothersltd.com/office365.zip,,inferred
2022/202205/lifefy.co (office365.zip)/office365.zip,1636937,1681733f11d404c38da9c489843a182d2b290d6b,70f1166d6b4706d1a6c4143ebf829f53547562258c75a169be0ceef26372744c,https://lifefy.co/office365.zip,,inferred
2022/202205/netflixupdate.attiyafazal.com (netfli1x.zip)/netfli1x.zip,3972764,a2a5bd7a5c9985f932e730a3c8c87155a1aa2dea,5b02490b9edfd1afadbfda1e32403bf3fc3947d3ec6045e6929b1d3d7e90f304,https://netflixupdate.attiyafazal.com/netfli1x.zip,,inferred
2022/202205/securesconnectwellsfargo.duckdns.org (wellsfargo%20upgrade%20(3).zip)/wellsfargo%20upgrade%20(3).zip,1579571,abf9221ea59f4c83270208aa759255f3d54d63d9,307c6f4f8f4838624cd685820eb6ba9a53a0261ce981acfc108a84d9f11cf867,https://securesconnectwellsfargo.duckdns.org/wellsfargo%20upgrade%20(3).zip,,inferred
2022/202205/wel1sfarg0.myvnc.com (wellsV3.zip)/wellsV3.zip,2218139,c8adf0e845cb3492f6bf60e1b7b49622924929a1,eb0cabd03731a201aeb8695ecea54538179a276908f4f6d71fe996e94b1e5312,https://wel1sfarg0.myvnc.com/wellsV3.zip,,inferred
2022/202205/www.atta-br.com (mazon.zip)/mazon.zip,3476862,b93871bfd3ec9ec628cd3ec7f11bfbdc8f23bb91,ebfe19ab95c115b12af6977dadf545677bae365b48e2c4f1de678d2e84e09ca5,https://www.atta-br.com/wp-content/upgrade/amaz-win/mazon.zip,,inferred
2022/202205/www.doitrit.com (alaskausa.zip)/alaskausa.zip,640339,db1c055d5df94f1bde6f0269eb1bd64379a2b0d7,c1a02f6da234dce7998353dc3a99f83fe5e5c80f60851238a94524be8372425d,http://www.doitrit.com/chase/secure/icloud/alaskausa/alaskausa.zip,,inferred
2022/202206/103.157.253.194 (2FAGmailPhising-master.zip)/2FAGmailPhising-master.zip,2801878,f098fe3dc0018a6447619b0d2def78c408a5fd80,1987267658c273be0586a5d832f289247d6690bbfe005fc45b68ae4935afe7d2,http://103.157.253.194/HYfsgdknDioasjfADhaf/2FAGmailPhising-master.zip,,inferred
2022/202206/103.157.253.194 (fb-phishing-master.zip)/fb-phishing-master.zip,6896,1f9bf92d611a7bdf48838b6c82232925e92eba23,f4fc274f4339d9cffa0573482db30e17520c7471b9e553654372f55f43d5840d,http://103.157.253.194/HYfsgdknDioasjfADhaf/fb-phishing-master.zip,,inferred
2022/202206/afrimexglobal.com (LiinkedInhardest.zip)/LiinkedInhardest.zip,0,e69de29bb2d1d6434b8b29ae775ad8c2e48c5391,e3b0c44298fc1c149afbf4c8996fb92427ae41e4649b934ca495991b7852b855,http://afrimexglobal.com/wp-includes/linkdin/LiinkedInhardest.zip,empty,inferred
2022/202206/amaprimes.com (amaz.zip)/amaz.zip,3475016,63a248c0ab88570db2e04363d008e086f1dff7c6,af210514583b1eb015ac8979f4c379fd7a9979e2188b300c09b4f082a6366e73,http://amaprimes.com/acc/amaz.zip,,inferred
2022/202206/brettsteenbarger.com (outlook.tr.zip)/outlook.tr.zip,15975,f7905978539228461e0f955ace6bc902fda07dbd,b40eab00a5f7c15554ad5edbbb721428200c65105ea13710f3e4c740a8693d81,http://brettsteenbarger.com/outlook.tr.zip,,inferred
2022/202206/briickstoneescrow.com (saboshd.zip)/saboshd.zip,15693,515f8b71762a61ec3397ed9aac29c25a0c2293d5,8ef05c1a4de8fd58cff73e669b09fdfe647d9f98e8e5d856742336ff68bea144,https://briickstoneescrow.com/assets/app/plugins/page-list/css/saboshd.zip,,inferred
2022/202206/hempsolutionstoday.com (LOAN%20DEPOT%20office365%20(8)%20JUNE%20UPDATED.zip)/LOAN%20DEPOT%20office365%20(8)%20JUNE%20UPDATED.zip,54972,e1cee47fdd1d257b92762c747c2b86a6abccb02e,662b4a5bb8508f4ba53bc612cef99609c0f1958f98518b151cb2712248720dae,https://hempsolutionstoday.com/Closing%20Portal/LOAN%20DEPOT%20office365%20(8)%20JUNE%20UPDATED.zip,,inferred
2022/202206/itunes.appleid.com.au.sing-in.login.marlenetachoir.com (cgibin-apple.zip)/cgibin-apple.zip,353462,50bbff25d73dd5e0d3e76cc4638a1ee9d4ac6a1c,e40284fa513eb84c0f0813bcb6d06a476f6736a0d42e0edc72518114ffb392ac,https://itunes.appleid.com.au.sing-in.login.marlenetachoir.com/cgibin-apple.zip,,inferred
2022/202206/ketoclimbing.com (microsoft.zip)/microsoft.zip,1026470,d7e192bb2f2b0847480aeb05321fc198f703e306,f043512d872f65b36ff52bf7024c900d7e41db9b2d8463635c4b377e68dba464,http://ketoclimbing.com/microsoft.zip,,inferred
2022/202206/lagunamusic.com.br (login.microsoftonline.com.zip)/login.microsoftonline.com.zip,636541,dbae6edf7612227fedc186306e02e89dee24c8c6,13dff8e6340244694af11d20f07159fdbea846e610ff4615c85a9413d99f512c,https://lagunamusic.com.br/login.microsoftonline.com.zip,,inferred
2022/202206/login-office365.ipq.co (W3LL_OFFICE_TRUE_LOGIN_2020%20(3).zip)/W3LL_OFFICE_TRUE_LOGIN_2020%20(3).zip,786284,a620313dd8fadf4be8d2ecee5f72d3b811ee68e7,144a8308a5f7f60d0a127ce56dc9a976f463fabaa8cdea4e4e87da60a596e05b,https://login-office365.ipq.co/W3LL_OFFICE_TRUE_LOGIN_2020%20(3).zip,,inferred
2022/202206/rabqi.cf (crown.zip)/crown.zip,746582,2ae29a5525519ff8b1aeffea12bf50e526d8fb4e,c50836453c6c4bad85c153c744cd1f0c87ff9b5067cf8b3f53bc108da01f9650,http://rabqi.cf/Payment%20confirmation/Office365/crown.zip,,inferred
2022/202206/radianceconsulting.net (drbtc.zip)/drbtc.zip,3597769,725fdbdd1f789549b495afe54b423e49a4e144d6,dbe8a23daec5023be0deb7bb549cd68e55fa0e80c856cbae9e588b558b5fc6fd,http://radianceconsulting.net/drbtc.zip,,inferred
2022/202206/totalfarmamexico.mx (linkedinnew.zip)/linkedinnew.zip,47383,a4c354155e5344ee044d519a8392814f2d8c0c08,4ddf71ccdaba4dbca1fafbf5fc80ade6ff7627f70b40398216351a0357784e55,http://totalfarmamexico.mx/PNG/muse/linkedinnew.zip,,inferred
2022/202206/vaccin-coronavirus.fr (lnkl.zip)/lnkl.zip,106825,75206a7926c85b9d2764a741d3808aee54dceaf9,2a7a3bf87f55b8c83d7838ffa39a7b2a6a8c1ffda81dd7bb8fcd2f554e0cdecd,http://vaccin-coronavirus.fr/cgi-etc/doas/lnkl.zip,,inferred
2022/202206/wellsfargo.aim-sa.com (meta83.zip)/meta83.zip,2157422,0adc05ab8069bf44cd58c10d4a06ee6261251b7a,69f378fabedbb0544db895cea49c539c81882ebe85bed2804342f2aed74597e9,https://wellsfargo.aim-sa.com/meta83.zip,,inferred
2022/202206/www.kaba.cl (Correos-envio.zip)/Correos-envio.zip,620432,f48f1138a9709b2896d3b5e794aeb584b2612f09,0e38a3258e81661376e009e7a4574f678c88b8004a4200db0dd947717b074cae,https://www.kaba.cl/Correos-envio.zip,,inferred
2022/202207/actorstores.ga (Office%20365%20(2).zip)/Office%20365%20(2).zip,193336,58f2e1d1176dad8da19067f3da54b3dad4545ace,89ff94a0b058bf9a3c49edde5f123229e1cf5b4abb42d7f46257af129cb11928,http://actorstores.ga/office365/Office%20365%20(2).zip,,inferred
2022/202207/anazon.co.jp.check-information.oqbnqyo.cn (info.zip)/info.zip,42517,8436e8b95087006b0be9efebe68eef66ae9fda00,0e4967ffe3c1241c2bd246bda2c6c37f773cf83bc4dca1d8a7ce99502920f20b,https://anazon.co.jp.check-information.oqbnqyo.cn/info.zip,,inferred
2022/202207/anazon.co.jp.check-information.rhjsumt.cn (info.zip)/info.zip,42517,8436e8b95087006b0be9efebe68eef66ae9fda00,0e4967ffe3c1241c2bd246bda2c6c37f773cf83bc4dca1d8a7ce99502920f20b,https://anazon.co.jp.check-information.rhjsumt.cn/info.zip,,inferred
2022/202207/assistancesecure-amazon.duckdns.org (Citizens.zip)/Citizens.zip,2366311,ee805ffdd7bcad29fbc653b766321854b5d6900b,d92742ff6ed425fecce9c7e02754901004253f2fbe7a10f50771376a013ca8c0,https://assistancesecure-amazon.duckdns.org/Citizens.zip,,inferred
2022/202207/bankieren.rabobank.nl.online-identificatie.tota-line.com (rabo.zip)/rabo.zip,22143371,c013692204e2f698336b7b25bca2000388d21e66,6df6f5e49c48c0f96ad805a4c82e5464e2e3467d5c851b841f1b099fae8b7902,https://bankieren.rabobank.nl.online-identificatie.tota-line.com/rabo.zip,,inferred
2022/202207/bravogee.com.ng (office(1).zip)/office(1).zip,73811,2ac6588436e0a759d6cfefbd5660c9c9659de97e,0c01e526e393a90f78742fe1bb1a0b9a582f4b04b2d49f7ce1625892c264b3ad,http://bravogee.com.ng/Deny.Access/office(1).zip,,inferred
2022/202207/edumall.biz (ki.zip)/ki.zip,1092684,cf5e5ea918d7369f2347adaca06a2336be671c74,99dfbdc8abcb79792f10f082e4df9a1cc0abf067f23c1fc4fb99a71a729ee536,https://edumall.biz/ki.zip,,inferred
2022/202207/elite-plastering.co.uk (chase.com-RD283-passed%20spox.zip)/chase.com-RD283-passed%20spox.zip,1895634,49da0d8e65811137155228435d7038a2608ebc98,55e9b3d059c3dd958e134f13215548e439e196b3ddbefb5c3fc87469d15255e2,https://elite-plastering.co.uk/ssi/chase.com-RD283-passed%20spox.zip,,inferred
2022/202207/fhdgh5.cf (Office%20365.zip)/Office%20365.zip,193336,58f2e1d1176dad8da19067f3da54b3dad4545ace,89ff94a0b058bf9a3c49edde5f123229e1cf5b4abb42d7f46257af129cb11928,https://fhdgh5.cf/Office365/Office%20365.zip,,inferred
2022/202207/fsuppotryd.com (amaznew.zip)/amaznew.zip,3475016,63a248c0ab88570db2e04363d008e086f1dff7c6,af210514583b1eb015ac8979f4c379fd7a9979e2188b300c09b4f082a6366e73,,,
2022/202207/netflix.yourhostingroup.com (my.zip)/my.zip,903115,e689cd57391ef2724d50444223cf62dd29a8fcc2,7ee7469fbc3796238b3aa620233684464ddb3ab30e67b9d772f728035e032e58,https://netflix.yourhostingroup.com/my.zip,,inferred
2022/202207/netflixvalidz.duckdns.org (citizen_bank(2).zip)/citizen_bank(2).zip,1623371,e59c0ea67d279bb5c1dc5f2b9ca2a4d23f2bed39,6793c7ae787e004e600863de44daa07f22af23388a67d787e4abd2990eede8f2,https://netflixvalidz.duckdns.org/citizen_bank(2).zip,,inferred
2022/202207/reliablehomesbd.com (AdobeHtml.zip)/AdobeHtml.zip,170669,773edbb0dd18c92a518435ee4f98f972c645331a,4ee8626fa8e66fb3abe5338d816923a4de7e4831de2fbdec3ca3ce366db5a174,https://reliablehomesbd.com/dropbox/AdobeHtml.zip,,inferred
2022/202207/staging.greene.pk (paypal.zip)/paypal.zip,570438,eaba4522ef11c64fa90ee541a433928e7d2f839c,37fcce85e45fc21fbe0f3fec860ef8a05652bda60f2ede54c98ef80178741ab7,http://staging.greene.pk/wp-admin/paypal.zip,,inferred
2022/202207/www.fsuppotryd.com (amaznew.zip)/amaznew.zip,3475016,63a248c0ab88570db2e04363d008e086f1dff7c6,af210514583b1eb015ac8979f4c379fd7a9979e2188b300c09b4f082a6366e73,,,
2022/202207/www.hegc.gob.cl (paypal.zip)/paypal.zip,570439,82de2a8e5231420afa7cccf72c2f5137bb4bcfcf,849e355bec6651bac3a6726f3cdbac550fb382b2dbe809f01e553a4e480403ca,https://www.hegc.gob.cl/wp-admin/paypal.zip,,inferred
2022/202208/account-loginxz2.ml (bmicrosoft.zip)/bmicrosoft.zip,14641,ab83ec79f0d783d866e3977a26a6f25ad89879fd,c1fc2831f38813e7a6eced8dc2008c97dac79513d91a4d16ad762bdb14a1646a,http://account-loginxz2.ml/micro/bmicrosoft.zip,,inferred
2022/202208/allstarmedicagroup.com (office365%20(8)%20(1).zip)/office365%20(8)%20(1).zip,54972,e1cee47fdd1d257b92762c747c2b86a6abccb02e,662b4a5bb8508f4ba53bc612cef99609c0f1958f98518b151cb2712248720dae,https://allstarmedicagroup.com/CD/office365%20(8)%20(1).zip,,inferred
2022/202208/blog.shambhalabarcelona.com (onedrivemicrosoftedge.zip)/onedrivemicrosoftedge.zip,472502,edda3dce8f360940fcf00f8947e819b570f287d3,9842481b34c4ea46d7b79d8dddc9f36390a15558cea8e107c5979b4b3591479c,http://blog.shambhalabarcelona.com/wp-admin/onedrivemicrosoftedge.zip,,inferred
2022/202208/czmalc.info (LiinkedInhardest.zip)/LiinkedInhardest.zip,757186,19fdc4ff7a971824d6a0b4bfda96c217cdb376ca,1a8e1e7a6f55bc05dcedc038b7d11a52bf0031ad7aa48be97fef0ed74097a07b,https://czmalc.info/linkedin/LiinkedInhardest.zip,,inferred
2022/202208/firstaudiort.com (its.zip)/its.zip,739946,72b0b6c6084aef634f2839f7386cfdd162ea57fe,6748ad08b6aede8ff538276c59cfd05a6d5125271bb951ebee617fb05783b770,https://firstaudiort.com/its.zip,,inferred
2022/202208/hmwhmcp6.cf (onedrive-RD46.zip)/onedrive-RD46.zip,14178,abf8771e1fb5a7044a36b3c28f2a1d6c79daeb9c,3d40d69da394997bd2bee28d190c2039f292dc13bd5ee6b0e6d65494edd15987,http://hmwhmcp6.cf/Sharepoint-documents/youreceivednewmessagefrom_email_ID/verify_this_email_belongst/signin_office365-msn_live/en/onedrive-RD46.zip,,inferred
2022/202208/impactci.tv (tatal.zip)/tatal.zip,425781,91adf3cd928b97aa652aa4c663eb8b717dc8cabc,03a7fef5021fd2e8756b5806eff8ab88bd0128ec50169173501cc0ea32050b05,"https://impactci.tv/outlook.office365,paymentadvice.../tatal.zip",,inferred
2022/202208/manongautier.com (AmazonF2022.zip)/AmazonF2022.zip,906169,cf8dd481f0d6083229a1c3326d32f6f17ca71e3b,049f16abc33bc634e0832c26b47d061fda2140077cb96bc510598f941bbc7895,http://manongautier.com/wp-admin/AmazonF2022.zip,,inferred
2022/202208/mansmanagement.com (office365%20(8).zip)/office365%20(8).zip,54972,e1cee47fdd1d257b92762c747c2b86a6abccb02e,662b4a5bb8508f4ba53bc612cef99609c0f1958f98518b151cb2712248720dae,https://mansmanagement.com/cp/office365%20(8).zip,,inferred
2022/202208/marlianstv.com (office365%20(8).zip)/office365%20(8).zip,54972,e1cee47fdd1d257b92762c747c2b86a6abccb02e,662b4a5bb8508f4ba53bc612cef99609c0f1958f98518b151cb2712248720dae,http://marlianstv.com/loan/office365%20(8).zip,,inferred
2022/202208/paypal.secure-verimail-usersecure.com (Paypal.zip)/Paypal.zip,6239,bfd123620cacae852c1556585d5f30d0ca99173a,6db8b009d82212d33558ae2d09045bbef7ee634f8a54207c39939cf22f2d217c,http://paypal.secure-verimail-usersecure.com/Paypal.zip,,inferred
2022/202208/praxis-elvirafrank.de (office365cc.zip)/office365cc.zip,989080,1f8f13620465c34bce5667a9fb2f2d9ea84577e6,cef995d3bef0fdf41a5bb6803ec186036b2e15be104bb12b12e301bf803971d4,https://praxis-elvirafrank.de/wp-content/plugins/ujqhgygjsa/qw/office365cc.zip,,inferred
2022/202208/smartergoals.org (office365%20(8).zip)/office365%20(8).zip,54972,e1cee47fdd1d257b92762c747c2b86a6abccb02e,662b4a5bb8508f4ba53bc612cef99609c0f1958f98518b151cb2712248720dae,https://smartergoals.org/title/office365%20(8).zip,,inferred
2022/202208/stonecabinsboquete.com (Amazoun.with.Admin.Panel%20update.zip)/Amazoun.with.Admin.Panel%20update.zip,3466428,69fc14c38fe9fdc3ee38b6d2788c493be157d882,d1feb553334df62f630c7684957c42088f8608747d4a0d7ecd27e3a83b7ef767,https://stonecabinsboquete.com/mazy/Amazoun.with.Admin.Panel%20update.zip,,inferred
2022/202208/thecricketbra.com (office365%20(8).zip)/office365%20(8).zip,54972,e1cee47fdd1d257b92762c747c2b86a6abccb02e,662b4a5bb8508f4ba53bc612cef99609c0f1958f98518b151cb2712248720dae,https://thecricketbra.com/hud-file/office365%20(8).zip,,inferred
2022/202208/thecupcakecompany.com (office365%20(8).zip)/office365%20(8).zip,54972,e1cee47fdd1d257b92762c747c2b86a6abccb02e,662b4a5bb8508f4ba53bc612cef99609c0f1958f98518b151cb2712248720dae,https://thecupcakecompany.com/title/office365%20(8).zip,,inferred
2022/202208/www.auth-2022-verification.trentwilliamsjr.com (amazon.zip)/amazon.zip,168164,fdbd31da8803d1f2d7a72199de713dffc7e12dd0,cb3def0063117344640016e2c2a2ed22aa155e889fa45baa26a5687cb5a6d0fe,https://www.auth-2022-verification.trentwilliamsjr.com/amazon.zip,,inferred
2022/202208/www.f.account2.almusand.com (m.facebook.com.zip)/m.facebook.com.zip,496622,9f8133132e767c013aabffb7bd3db924173455c7,f70a32461e6790c21e82831613c002ee8df63ed9966ca399397d3bb80926d637,http://www.f.account2.almusand.com/m.facebook.com.zip,,inferred
2022/202208/www.fhdgh5.cf (Office%20365%20(2).zip)/Office%20365%20(2).zip,193336,58f2e1d1176dad8da19067f3da54b3dad4545ace,89ff94a0b058bf9a3c49edde5f123229e1cf5b4abb42d7f46257af129cb11928,http://www.fhdgh5.cf/office365/Office%20365%20(2).zip,,inferred
2022/202209/artisamexico.com (instagram.zip)/instagram.zip,910375,c78350380b530b4476892290f7a751018da413f8,e78d316b80599355f160c406c787c224f60c578abffed39496e7677549918773,https://artisamexico.com/instagram.zip,,inferred
2022/202209/arttherapymovie.com (Jan%2026%20page%20office%20(2)%20(2).zip)/Jan%2026%20page%20office%20(2)%20(2).zip,4438,2e736ae18d4256b4fc89cc5f32108b5cdc3d1462,04a12ffb295e1e8e06e13d3b586e2a618e8cd44bc6a4d0b768314a39a94f93a4,https://arttherapymovie.com/office365/Jan%2026%20page%20office%20(2)%20(2).zip,,inferred
2022/202209/bb1.club (GIDI.zip)/GIDI.zip,746579,5c86a8029d7ed56f70004747fc25aef215d78df4,a34cf5876deb07b7e65c717bd35ca8efa7aa0f6393c670f74731acbab173285b,http://bb1.club/wp-includes/f/GIDI.zip,,inferred
2022/202209/cv40239.tmweb.ru (santakey.zip)/santakey.zip,3598983,fbaca074b741e606c9c97fe9612f821898b41121,6c1775085c5c2fb822ba1465400491c9a1de714f8c7b50c3309ec3c85dc34206,http://cv40239.tmweb.ru/santakey.zip,,inferred
2022/202209/esbc.gogocode.com (baiyi-20181010.zip)/baiyi-20181010.zip,9777317,189a0fbfcebcd6cc691f0ef35cc504587f3a687a,16a31e48514bc5392bf5ecc7efd9eb8b015b15ffd0a801d851c78f302bb81e6f,https://esbc.gogocode.com/baiyi-20181010.zip,,inferred
2022/202209/esbc.gogocode.com (baiyi-before181017.zip)/baiyi-before181017.zip,9334143,33aa70499f2e3eea12eeb65ae96fe59e64141478,408ca59954cb0c92ea5abdcda6c1fbf07c13673fa24802a01bcee84dcd559a7d,https://esbc.gogocode.com/baiyi-before181017.zip,,inferred
2022/202209/esbc.gogocode.com (baiyi.zip)/baiyi.zip,11108216,50298893037168cd1f3cb2a80469c18fb86e2945,e888fc4634899cef232bafc2f5283ea803c6949c1ae0dc938e118282881335eb,https://esbc.gogocode.com/baiyi.zip,,inferred
2022/202209/esbc.gogocode.com (baiyi181018.zip)/baiyi181018.zip,10024421,2b715d639fb41b36b3b69966b5571a0b994e40b4,6c219e8ef8625f7443b79f4999632e0047107ef1bb8fc094c29635ad66caadde,https://esbc.gogocode.com/baiyi181018.zip,,inferred
2022/202209/esbc.gogocode.com (baiyi181018V2.zip)/baiyi181018V2.zip,10631761,7d26a521b7d77920d387161d576349c77456a367,338708442610ea71ef7224546b586608ef757c92b97eb31ebabc2c8f7ca4bc39,https://esbc.gogocode.com/baiyi181018V2.zip,,inferred
2022/202209/esbc.gogocode.com (bechain01.zip)/bechain01.zip,9583066,9f408a30e152b139dcbdfe70fcfb08b11f268462,110dfa20718a043ccc0c78b17beb9e8c7b02472296187d47b0b263b7a4870590,https://esbc.gogocode.com/bechain01.zip,,inferred
2022/202209/info-update-bankofamerica-auth.duckdns.org (BOA%20ScamPage%20@wealth.zip)/BOA%20ScamPage%20@wealth.zip,1661788,e21b276ca8d0a33c68b3ce61cfdde4ec20fff341,4006d4ad6f9c5362c874e6401e84ce764d3bc1ccbc8712e93852029c09da0294,https://info-update-bankofamerica-auth.duckdns.org/BOA%20ScamPage%20@wealth.zip,,inferred
2022/202209/loginmicrosoftonlne.com (OV6_ENCODE%20(1).zip)/OV6_ENCODE%20(1).zip,1842551,334eafce8c7d0d03bd49e96ca7d21e158bb67726,e7287a994071be14fe6fae85d28a16f02d6d78cc65d3c4ad56d421255a7a77e9,https://loginmicrosoftonlne.com/OV6_ENCODE%20(1).zip,,inferred
2022/202209/netflixverified.duckdns.org.aogmin.com (v2%20NETFLIX%20SCAMA.zip)/v2%20NETFLIX%20SCAMA.zip,816231,71bc9e2c3a628bc7e02e5d9238a3234a4fc0c19f,367aa61c2c3258648af6dd0b1bf0e12634c773f95012a96ef19d963c4e97d0c0,https://netflixverified.duckdns.org.aogmin.com/v2%20NETFLIX%20SCAMA.zip,,inferred
2022/202209/netflixverified.duckdns.org.aogmin.com (v2%20NETFLIX%20SCAMA.zip.zip)/v2%20NETFLIX%20SCAMA.zip.zip,816421,02e20aef5bd135c69951cb8cc643540b5c3199f1,34e8b46503ef382d04461f55d41e84cd42195be36d76e4ee53c984dac3e1c0c2,https://netflixverified.duckdns.org.aogmin.com/v2%20NETFLIX%20SCAMA.zip.zip,,inferred
2022/202209/netflixverified.duckdns.org.aogmin.com (v2.zip)/v2.zip,831338,eb1a49475ab0039eb43483ba6329cb963a132e77,5cf74c2ac721c3f5b5bb2969393b84fd1d94477e8b38ace4d1bc2c7654a5e542,https://netflixverified.duckdns.org.aogmin.com/v2.zip,,inferred
2022/202209/ns77venom.stableserver.net (nfc2.zip)/nfc2.zip,678114,eb2639528ba8f8b7e6c887685c0d681fafe24651,798871c8e77aa3ecc8e7dd88b780db50d1db5026ab41170416713aff6eff549c,http://ns77venom.stableserver.net/~alpcecou/nfc2.zip,,inferred
2022/202209/watchtoearn.sa.com (Jan%2026%20page%20office%20(2)%20(2).zip)/Jan%2026%20page%20office%20(2)%20(2).zip,4438,2e736ae18d4256b4fc89cc5f32108b5cdc3d1462,04a12ffb295e1e8e06e13d3b586e2a618e8cd44bc6a4d0b768314a39a94f93a4,https://watchtoearn.sa.com/office365/Jan%2026%20page%20office%20(2)%20(2).zip,,inferred
2022/202209/www.waynebpgp.com (Microsoft.zip)/Microsoft.zip,702934,08f62ee8de57e923301d33b5f2450fe65751e0a0,9612b9c8c5ca239a7e97116155fd6297ba12cb3d00928f3b03f6d278049e7735,http://www.waynebpgp.com/lss/Microsoft.zip,,inferred
2022/202210/alfarlogistics.com (amazon-RD292-user-card-detail-em-thank.zip)/amazon-RD292-user-card-detail-em-thank.zip,532584,4d2b96edff7a59fc83e88cc7ae661c67fc0e5eea,36c0fd65f892193c173b83ed92977d6538b89ab1658b90babc623aa57fa39e30,https://alfarlogistics.com/azz/amazon-RD292-user-card-detail-em-thank.zip,,inferred
2022/202210/krayonmag.org (MACU.zip)/MACU.zip,1035456,100f9db9437c22bb19e1e15f6019bf62d851be4e,cbd32e93d3ae2c681d6fb5277e3f5d69f83713413619f3694af7abe3661962ef,https://krayonmag.org/MACU.zip,,inferred
2022/202210/ogledala.rs (cap.zip)/cap.zip,0,e69de29bb2d1d6434b8b29ae775ad8c2e48c5391,e3b0c44298fc1c149afbf4c8996fb92427ae41e4649b934ca495991b7852b855,https://ogledala.rs/wp-admin/jss/cap.zip,empty,inferred
2022/202210/paypal.secure-verimail-usersecure.com (Paypal.zip)/Paypal.zip,6239,bfd123620cacae852c1556585d5f30d0ca99173a,6db8b009d82212d33558ae2d09045bbef7ee634f8a54207c39939cf22f2d217c,https://paypal.secure-verimail-usersecure.com/Paypal.zip,,inferred
2022/202210/wellsfargo.onmypc.org (WELLS%5bMRWEEBEE%5d.zip)/WELLS%5bMRWEEBEE%5d.zip,3709071,d69e45b27b9d6eeec46181c2d57833ae0cf8cf51,61ce1d3dee7af088879a9fdff6c9b9cb9ec6d06de5eb9d4f5674ee4ee47fb4f8,https://wellsfargo.onmypc.org/WELLS%5bMRWEEBEE%5d.zip,,inferred
2022/202210/wellsfergo.infotechavenue.com (wels.zip)/wels.zip,923399,520a8a160e00b165caf8d57f27d576fa1cfcde32,2f14b5ea1ba413d29c11c0d4e1eb17566cb74044e0e4a3e78a8e5ccea295801f,https://wellsfergo.infotechavenue.com/wels.zip,,inferred
2022/202211/divorcingtheright.sa.com (Jan%2026%20page%20office%20(2)%20(2).zip)/Jan%2026%20page%20office%20(2)%20(2).zip,4438,2e736ae18d4256b4fc89cc5f32108b5cdc3d1462,04a12ffb295e1e8e06e13d3b586e2a618e8cd44bc6a4d0b768314a39a94f93a4,https://divorcingtheright.sa.com/office365/Jan%2026%20page%20office%20(2)%20(2).zip,,inferred
2022/202211/fatimanagar.salonapple.in (chinapostmaster.zip)/chinapostmaster.zip,59848,d9f28f8cf24263cd0bcecedccd4b7b2c63e14c67,c62663816d58e7ac2fa041865e350f45c08afb26ffacc6b4c66d58868ce7e202,https://fatimanagar.salonapple.in/font-awesome/red/chinapostmaster.zip,,inferred
2022/202211/intercruit.nl (intesa.zip)/intesa.zip,612761,d9b263f29dc33f0113de1f4f888ced42896f401d,0cc963a57acce4a939fa5c2eb7141bf359ffbffea2c6d2fd6fa7b829cf2f49d5,https://intercruit.nl/cle/intesa.zip,,inferred
2022/202211/lnstagram.meta-bussines.ml (help.zip)/help.zip,251530,3f2d1a64fe44c92d0216d72f4dcf08e1de8389a8,286dec2e1cb44d265774851a9dcd290adf6a824a610e7b2e32dd4eb0b8bb13cf,https://lnstagram.meta-bussines.ml/help.zip,,inferred
2022/202211/myblog-zkhze48yjt.live-website.com (wecorreos.zip)/wecorreos.zip,2795659,922e602cd51fc23d0e6a6731fcf7b65fa805fb76,af913f505b9c287bed1d179d9c10770b9a81a9efa7f8599caa4bbf6c0cdba42c,https://myblog-zkhze48yjt.live-website.com/wecorreos.zip,,inferred
2022/202211/sirus.perlahost.com (bankofamerica.zip)/bankofamerica.zip,7010556,c4fa6621b18e06ebdb218ef34afe35ef1597830c,f911344e3848bf8d1035d96cfc910b8934554b2f68f132758c4caf78c56d2e1e,http://sirus.perlahost.com/bankofamerica.zip,,inferred
2022/202211/www.musclesstore.net (wellsfargoNew.zip)/wellsfargoNew.zip,948988,c9f7274b5670a6a010c83bf39e4930e74b2f3f23,9fd998bae315dc670121409165174a897cb5510135810fc8511baab414f26fb4,https://www.musclesstore.net/server/wellsfargoNew.zip,,inferred
2022/202212/apple-lost-iphone.in (aU3V29.zip)/aU3V29.zip,3808743,47467fcfe5b6c47d44523161fed290bb2b8ab86d,885bd557ca435a3d1518ae0bcae65dc1619ebdcdd5a307466f7d35c571ece7e4,https://apple-lost-iphone.in/aU3V29.zip,,inferred
2022/202212/apple-mylost-iphone.com (aU3V29.zip)/aU3V29.zip,3808743,47467fcfe5b6c47d44523161fed290bb2b8ab86d,885bd557ca435a3d1518ae0bcae65dc1619ebdcdd5a307466f7d35c571ece7e4,https://apple-mylost-iphone.com/aU3V29.zip,,inferred
2022/202212/appleassistance.support (aU3V29.zip)/aU3V29.zip,3808743,47467fcfe5b6c47d44523161fed290bb2b8ab86d,885bd557ca435a3d1518ae0bcae65dc1619ebdcdd5a307466f7d35c571ece7e4,https://appleassistance.support/aU3V29.zip,,inferred
2022/202212/binancee-verification.login.siteweb.tn (USPS%20SCAM%20PAGE-2023%20NEW%20with%20antibot.zip)/USPS%20SCAM%20PAGE-2023%20NEW%20with%20antibot.zip,7285818,981c1ab75e010322952b07979db27698f285fe7b,11cd0158ac373a79f79c9a3fb707078b74d84452282003054e2bd535e150c3a5,https://binancee-verification.login.siteweb.tn/USPS%20SCAM%20PAGE-2023%20NEW%20with%20antibot.zip,,inferred
2022/202212/bluetooth-hoyttalere.com (hotmail.zip)/hotmail.zip,154976,9089be34d0b446f8718a850cccf97276690bf687,4f3eb7b351cb5baa6ef80d84d670f1c00bc52c42c1d3c4623899ee5364536b33,http://bluetooth-hoyttalere.com/wp-admin/images/hotmail.zip,,inferred
2022/202212/bluetooth-hoyttalere.com (updation.zip)/updation.zip,746414,816875ffa42da6adf7973c41dad28486fd518d25,d1b69054c6c7c2f1288dc37c6502ba0458f42506551bb2fffc23b2be23bc00f5,http://bluetooth-hoyttalere.com/wp-admin/images/hotmail/updation.zip,,inferred
2022/202212/coinbase.zx4xy.com (coinbase.zip)/coinbase.zip,1351880,baed7f137a045f5e7bb9ca93abbe176d6b3fa60b,b92d5f3e350ad852e91fc977b75f332da28f22bef5714e30491a43a7af27ecb0,https://coinbase.zx4xy.com/coinbase.zip,,inferred
2022/202212/cricketera.info (coinbaseauth.zip)/coinbaseauth.zip,1604038,95ed52b2cbda4389654874dfa5b47e2b41d1644c,f43f10ae8470e9892430680aff044098bb0b156a25f84cab2466964f9ac3e832,https://cricketera.info/wp-includes/customize/control/coinbaseauth.zip,,inferred
2022/202212/cricketera.info (coinbaselogin.zip)/coinbaselogin.zip,800694,789c8f424c113946df3a910b5565ac65f11a6db6,09a86121c593ae39e5a848b9d4918a0a57b6b8c0319876aedfd6d2636c909f38,https://cricketera.info/wp-includes/customize/control/coinbaseauth/coinbaselogin.zip,,inferred
2022/202212/domainshaymsingh.online (humpum-tota-puir-disota.zip)/humpum-tota-puir-disota.zip,570829,c584b986becdc2482b43c0f97e5ce515827f778f,576f37ca6fbbb932e75d4d18e7deeff73ffcd9279754ac15a078df51ea72f4f2,http://domainshaymsingh.online/humpum-tota-puir-disota.zip,,inferred
2022/202212/find-appie.com (aU3V29.zip)/aU3V29.zip,3808743,47467fcfe5b6c47d44523161fed290bb2b8ab86d,885bd557ca435a3d1518ae0bcae65dc1619ebdcdd5a307466f7d35c571ece7e4,https://find-appie.com/aU3V29.zip,,inferred
2022/202212/findme-icloud.com (aU3V29.zip)/aU3V29.zip,3808743,47467fcfe5b6c47d44523161fed290bb2b8ab86d,885bd557ca435a3d1518ae0bcae65dc1619ebdcdd5a307466f7d35c571ece7e4,https://findme-icloud.com/aU3V29.zip,,inferred
2022/202212/fzbfhn.webwave.dev (hsbc.zip)/hsbc.zip,0,e69de29bb2d1d6434b8b29ae775ad8c2e48c5391,e3b0c44298fc1c149afbf4c8996fb92427ae41e4649b934ca495991b7852b855,https://fzbfhn.webwave.dev/hsbc.zip,empty,inferred
2022/202212/fzbfhn.webwave.dev (reg.zip)/reg.zip,0,e69de29bb2d1d6434b8b29ae775ad8c2e48c5391,e3b0c44298fc1c149afbf4c8996fb92427ae41e4649b934ca495991b7852b855,https://fzbfhn.webwave.dev/hsbc/reg.zip,empty,inferred
2022/202212/icloud-sharing-photos.live (aU3V29.zip)/aU3V29.zip,3808743,47467fcfe5b6c47d44523161fed290bb2b8ab86d,885bd557ca435a3d1518ae0bcae65dc1619ebdcdd5a307466f7d35c571ece7e4,https://icloud-sharing-photos.live/aU3V29.zip,,inferred
2022/202212/icloudiphone.in (aU3V29.zip)/aU3V29.zip,3808743,47467fcfe5b6c47d44523161fed290bb2b8ab86d,885bd557ca435a3d1518ae0bcae65dc1619ebdcdd5a307466f7d35c571ece7e4,https://icloudiphone.in/aU3V29.zip,,inferred
2022/202212/iphone-apple.in (aU3V29.zip)/aU3V29.zip,3808743,47467fcfe5b6c47d44523161fed290bb2b8ab86d,885bd557ca435a3d1518ae0bcae65dc1619ebdcdd5a307466f7d35c571ece7e4,https://iphone-apple.in/aU3V29.zip,,inferred
2022/202212/lcloud.sign-ios.com (aU3V29.zip)/aU3V29.zip,3808743,47467fcfe5b6c47d44523161fed290bb2b8ab86d,885bd557ca435a3d1518ae0bcae65dc1619ebdcdd5a307466f7d35c571ece7e4,https://lcloud.sign-ios.com/aU3V29.zip,,inferred
2022/202212/login-coinbase-verifys23.mefound.com (zxcivbq88asd.zip)/zxcivbq88asd.zip,678226,5825f246e3da92b3466af56ddb295f455d93a492,097a98156d47eccd5d1774bbeb85cf9a94dfecd28ee0a160a1fd85910617352f,https://login-coinbase-verifys23.mefound.com/zxcivbq88asd.zip,,inferred
2022/202212/m.facebookk.net.drhertoncosta.com.br (m.facebook.chayma-el.zip)/m.facebook.chayma-el.zip,183015,ed322ca8747e0856a7b971ddb4885f960f6f2655,e95a98b6822a25916e15358081ecceb72573b63ecb5b8c8a986a67c17a3ec5b9,,,
2022/202212/myblog-zkhze48yjt.live-website.com (necorreos.zip)/necorreos.zip,3790220,cabb5e7ea830dcb762dd4ff556ff30f36b41ce57,15d970128cf3af85f35bd534da582b38816250bbcaf4bed6bf840163d886cb66,https://myblog-zkhze48yjt.live-website.com/necorreos.zip,,inferred
2022/202212/s2-apple.com (aU3V29.zip)/aU3V29.zip,3808743,47467fcfe5b6c47d44523161fed290bb2b8ab86d,885bd557ca435a3d1518ae0bcae65dc1619ebdcdd5a307466f7d35c571ece7e4,https://s2-apple.com/aU3V29.zip,,inferred
2022/202212/soportedeapple.tech (aU3V29.zip)/aU3V29.zip,3808743,47467fcfe5b6c47d44523161fed290bb2b8ab86d,885bd557ca435a3d1518ae0bcae65dc1619ebdcdd5a307466f7d35c571ece7e4,https://soportedeapple.tech/aU3V29.zip,,inferred
2022/202212/wellsfarg0.top (WELLY@mky.zip)/WELLY@mky.zip,1792099,0de6242ee14fb8e87e1d49e2e40e2dd7f8da867a,526f2d66edf668d3f4c31b1718aec7e67f897568d110d987a0cb0ae7388bc4c3,https://wellsfarg0.top/WELLY@mky.zip,,inferred
2022/202212/www.bei-galfes.com (wells.zip)/wells.zip,1634126,6af8ca7ca25e86690c8e8e68ab487740e287ef37,6d810d24f3cdc76f03dca65c0f4b54819b7258450d9d1786e103e3b5885b9600,https://www.bei-galfes.com/wp-content/plugins/awjuegy/includes/wellsfargo.com.asp.aws/wells.zip,,inferred
2022/202212/www.imexinter.com (wellsfargoNew.zip)/wellsfargoNew.zip,948988,c9f7274b5670a6a010c83bf39e4930e74b2f3f23,9fd998bae315dc670121409165174a897cb5510135810fc8511baab414f26fb4,,,
2022/202212/www.information.claims (import.zip)/import.zip,574032,919258a65e4e3d8019d1e627f90e0aeb103731d1,d40c611ed77e5a0af0739e3d87ba7e8b8ea339889604b64376c08bbdfd03dfb6,http://www.information.claims/metamask.airdrop/import.zip,,inferred
2022/202212/www.m.facebookk.net.drhertoncosta.com.br (m.facebook.chayma-el.zip)/m.facebook.chayma-el.zip,183015,ed322ca8747e0856a7b971ddb4885f960f6f2655,e95a98b6822a25916e15358081ecceb72573b63ecb5b8c8a986a67c17a3ec5b9,,,
2023/202301/fentechusa.com (mydropbox.zip)/mydropbox.zip,1673245,b611035c039231c1f3dd22cd6ef4ce469bf3af5a,5401d296b5fee332e4a5a495002263c153b8dacb8dd98a558c93ad45bf8c899d,http://fentechusa.com/dataaa/mydropbox.zip,,inferred
2023/202301/grothessr.com (dropbox.zip)/dropbox.zip,738635,25db1d287ce9f6dd853513a724da38cb05219c7f,50aefc70017bbb5035b4d6913d63b40245f2e7ee2b617592808360895cf02474,http://grothessr.com/dropbox.zip,,inferred
2023/202301/kristosh.eu (wells.zip)/wells.zip,1650798,62bde4ed6eb5b9f2f8e2ba83f207e04ccc086291,0fd9d944a031d0b5d566573069cc7dc978c6eeeb769587c3f059f72660ebd9f9,https://kristosh.eu/wp-content/plugins/bhdwvwr/wellsfargo.com.asp.aws/wells.zip,,inferred
2023/202301/nessainy.net (5055951.zip)/5055951.zip,0,e69de29bb2d1d6434b8b29ae775ad8c2e48c5391,e3b0c44298fc1c149afbf4c8996fb92427ae41e4649b934ca495991b7852b855,https://nessainy.net/4/5055951.zip,empty,inferred
2023/202301/reverieblue.com (dropbox.zip)/dropbox.zip,1861783,2ba54798ceb152d2fab8c3a764b459e11b6e8183,0796df00de10fa9ae31ff9d9a68c5642f9b22bd8f9932b29879f0939615eacc7,https://reverieblue.com/wp-content/themes/home/images/drop/dropbox.zip,,inferred
2023/202301/www.caanepal.org.np (usss.zip)/usss.zip,617864,73fe30a141bde01e6f8aecffd9a2d5ee3a3fd850,0459f97b3bc86d026c574344706cd542232075737317876f9e21a23fb6e8b4df,https://www.caanepal.org.np/paypals/usss.zip,,inferred
2023/202302/apply.aui.ma (huntington.zip)/huntington.zip,2189494,3c911319966c91351380d99638871c6ec25e6e05,a36e86cc0a1682a265ee08687e9e8b7c1356cebc16c929c8151cf768aca0713e,https://apply.aui.ma/Bachelor/include/huntington.zip,,inferred
2023/202302/aveafuiy3.gq (onedrive.zip)/onedrive.zip,270269,082f18ec8e9d25deb42af19b9958fa8fef9a8e7b,d6d2431c71e7f592a22adb3071cc77e0f1bc404175623e8404aab3acb7966bf1,http://aveafuiy3.gq/sharedfile/onedrive.zip,,inferred
2023/202302/brettsteenbarger.com (onedrive.zip)/onedrive.zip,517670,95ecc80be902d165536541101433fa985056d77f,2daee87110d60d5ec3b59b872ef0b78cb88bcaf3f190442d3aff2abcd6a9d36e,http://brettsteenbarger.com/onedrive.zip,,inferred
2023/202302/coinbase.qorrio.com (CB8febV1.zip)/CB8febV1.zip,652548,45ee53d22a463ced13846e5eb0160e8c24bb744f,ab60e7bb84c0c44b20f46dcfe20f6cfb76139513234cf7bc4c5c427f7853360d,https://coinbase.qorrio.com/CB8febV1.zip,,inferred
2023/202302/jocaparat.ro (microsoft-login.zip)/microsoft-login.zip,319950,1bb7ccb207543c488e14eb4b6f5f3d8f65e82850,ad668664f1c760424c648b6b1d229d1d821b3c96aedc855ea76eedebf25625d6,https://jocaparat.ro/Microsoft/microsoft-login.zip,,inferred
2023/202302/metamask78.com (app.zip)/app.zip,3397412,8a3a9bf6f8e0e2638b0d0e554928232b42e964c9,bd189624b4a7c1dd5d088cfd52af8270b945eb7240b6924c84773d9144e2336a,,,
2023/202302/metamaskha.com (app.zip)/app.zip,3397412,8a3a9bf6f8e0e2638b0d0e554928232b42e964c9,bd189624b4a7c1dd5d088cfd52af8270b945eb7240b6924c84773d9144e2336a,https://metamaskha.com/app.zip,,inferred
2023/202302/metamaskyd.com (app.zip)/app.zip,3397412,8a3a9bf6f8e0e2638b0d0e554928232b42e964c9,bd189624b4a7c1dd5d088cfd52af8270b945eb7240b6924c84773d9144e2336a,https://metamaskyd.com/app.zip,,inferred
2023/202302/netflix-heip.com (app.zip)/app.zip,3588343,1962315fbcc172f5cc64ccbf89ba10a207952c5c,89ef3259a3dfbd743539fe358816eddb82d5f6b8b4d160b17752865a0e8a1358,https://netflix-heip.com/app.zip,,inferred
2023/202302/qmcmrty.tk (onedrive-RD46.zip)/onedrive-RD46.zip,14178,abf8771e1fb5a7044a36b3c28f2a1d6c79daeb9c,3d40d69da394997bd2bee28d190c2039f292dc13bd5ee6b0e6d65494edd15987,https://qmcmrty.tk/mns_live-office365/mx-netvigation%20processing/auth_sharepoint_Outlook-Files/purchaseOrder%20docx%20Microsoft_word%20exe/onedrive-RD46.zip,,inferred
2023/202302/u1950395.plsk.regruhosting.ru (facebook.zip)/facebook.zip,266592,1a33b49da01c114a4ddc234c2fda96a3414c24ca,673173e0c3b5aa47bd476ef9acd8e137e069efdd6cfa5ebe4c434a6ef3ff3c53,https://u1950395.plsk.regruhosting.ru/facebook.zip,,inferred
2023/202303/archive.authorify.com (onedrive.zip)/onedrive.zip,705538,1e5b0e78737db05f8fb8aa7f0b77521ab93d316a,e12e32cdc088be42bf1bc1a9692fb3510958641e228befc35cc53b1108c3463d,https://archive.authorify.com/wp-admin/onedrive.zip,,inferred
2023/202303/customeventsonline.com (onedrive-RD17.zip)/onedrive-RD17.zip,1268653,35e61b0f9f5c0afb2c20ca0c747b0b7f64e5d6dc,75da8a014f46591a7ab32a07b3195238055ceb753c5146a74c368df60b5c0751,https://customeventsonline.com/wp-content/themes/onedrive-RD17.zip,,inferred
2023/202303/dental-news.net (content.zip)/content.zip,32005,6eccc5fb446800227a954b2ea4d68f2007c3d373,e34795a90e1196e5b415ee7386d75474dfc8bcdb4653dcf7b83551a8497e257b,https://dental-news.net/oh/content.zip,,inferred
2023/202303/kittyhawkpier.com (Netflix.zip)/Netflix.zip,2782391,e2aeec0e1ff64802ec4d8ce3ea1250c19c673b1d,3e63a8a9aa3854fd882b7ac6b35dee703598a5524115c4e622dfffa1ac4c0c40,http://kittyhawkpier.com/Netflix.zip,,inferred
2023/202303/metamask987.com (app.zip)/app.zip,3397412,8a3a9bf6f8e0e2638b0d0e554928232b42e964c9,bd189624b4a7c1dd5d088cfd52af8270b945eb7240b6924c84773d9144e2336a,https://metamask987.com/app.zip,,inferred
2023/202303/ocls.co.uk (onedrive-4D5-3btn-4time.zip)/onedrive-4D5-3btn-4time.zip,595879,7d4d64483192ac4c8ecc02d4c553daef97119fdb,fe62ca961757831709bcce5c61fe7a4b9eb5673efb5033cc6ddbb1fc66e7cdc0,,,
2023/202303/ofertando-br.com.br (Office365.zip)/Office365.zip,28299,9026bf5901c2c714a327c92a9fcd9d33155b1a08,ec6935aa1da07a46f92fa2c77a862906596f79a77db65794a203951c541cf0d6,http://ofertando-br.com.br/Office365.zip,,inferred
2023/202303/redline.clicksolutions.me (onedrive.zip)/onedrive.zip,705573,7f50b7ace5ad95540efd2f258c5cafd833c277d2,94181c7a713109fc8f9b5121e4cd73e842be27b588cbcf1a2c865f6b8a63befc,https://redline.clicksolutions.me/onedrive.zip,,inferred
2023/202303/smatisant2.temp.swtest.ru (santanderPin.zip)/santanderPin.zip,3977689,56d0a8fe2083a1f308c0d106bb2d9ba36a71092b,7821af462ddde61c99af7bf76fcda2590517e3eda9211c9c68d63749e7516de4,http://smatisant2.temp.swtest.ru/santanderPin.zip,,inferred
2023/202303/sonanas183.temp.swtest.ru (santanderPin.zip)/santanderPin.zip,3977689,56d0a8fe2083a1f308c0d106bb2d9ba36a71092b,7821af462ddde61c99af7bf76fcda2590517e3eda9211c9c68d63749e7516de4,http://sonanas183.temp.swtest.ru/santanderPin.zip,,inferred
2023/202303/www.antlergroup.com (facebook1.zip)/facebook1.zip,81168,e511e557824b7f1455913a703b7bd931449e8eb3,3302eafb99b9835a53a6790d1caafe6c74408f763a7998147a0383c052014b41,https://www.antlergroup.com/wp-content/themes/antler/facebook1.zip,,inferred
2023/202303/www.fentechusa.com (mydropbox.zip)/mydropbox.zip,1673245,b611035c039231c1f3dd22cd6ef4ce469bf3af5a,5401d296b5fee332e4a5a495002263c153b8dacb8dd98a558c93ad45bf8c899d,http://www.fentechusa.com/dataaa/mydropbox.zip,,inferred
2023/202304/brownelllandcompany.com (onedrive.zip)/onedrive.zip,517670,45e47fa08c71ff07ec76783c040b15ea047531f1,8cc0540a896a0ede1dff00937908eee5e8c2883e5709a18128719cc790dd22da,https://brownelllandcompany.com/onedrive.zip,,inferred
2023/202304/fentechusa.com (mydropbox.zip)/mydropbox.zip,1673245,b611035c039231c1f3dd22cd6ef4ce469bf3af5a,5401d296b5fee332e4a5a495002263c153b8dacb8dd98a558c93ad45bf8c899d,https://fentechusa.com/dataaa/mydropbox.zip,,inferred
2023/202304/gcrp.ml (OutlookLink.zip)/OutlookLink.zip,90359,2d2c92df48c277b226f440f8797d2597ce6cad42,69ed4c89eb73156956cf742e83eeb29287c5125b49f31e3ab8ce3979fcca221a,http://gcrp.ml/onedrive/OutlookLink.zip,,inferred
2023/202304/ipfs.best-practice.se (bafybeiamjih5g3pgqur5gtbzil7kjep3vtszsunt75kz7l24q36h53rwai.zip)/bafybeiamjih5g3pgqur5gtbzil7kjep3vtszsunt75kz7l24q36h53rwai.zip,31,cf156ed8ab437093d57caee339b5b400e665c1a4,6eb727105fd4c5a476c35f5b2921d59ac4e0be3cfb0922d49fecf6665b522690,https://ipfs.best-practice.se/ipfs/bafybeiamjih5g3pgqur5gtbzil7kjep3vtszsunt75kz7l24q36h53rwai.zip,not-an-archive,inferred
2023/202304/ipfs.best-practice.se (ipfs.zip)/ipfs.zip,31,cf156ed8ab437093d57caee339b5b400e665c1a4,6eb727105fd4c5a476c35f5b2921d59ac4e0be3cfb0922d49fecf6665b522690,https://ipfs.best-practice.se/ipfs.zip,not-an-archive,inferred
2023/202304/ipfs.best-practice.se (resultsbox18_onedrive44649.html.zip)/resultsbox18_onedrive44649.html.zip,31,cf156ed8ab437093d57caee339b5b400e665c1a4,6eb727105fd4c5a476c35f5b2921d59ac4e0be3cfb0922d49fecf6665b522690,https://ipfs.best-practice.se/ipfs/bafybeiamjih5g3pgqur5gtbzil7kjep3vtszsunt75kz7l24q36h53rwai/resultsbox18_onedrive44649.html.zip,not-an-archive,inferred
2023/202304/mooneygroup-it.builderallwppro.com (correos.zip)/correos.zip,3051036,fe329b15f10d83023af3ad7d7f071cc5c5a239e1,b15b31f6309d50d99cbdb46e201c49f548c90f3f9a2daf5c7e8e958438e80660,,,
2023/202305/accountantsvoordenonprofit.nl (correos_0.zip)/correos_0.zip,918875,977e3fdc5e80d45b6af398a438d4455f46c3f92f,77fbce6ba6f8a767cb9a0308d7877fab9278e9d2e390e29f3cd2ff608c073471,https://accountantsvoordenonprofit.nl/correos_0.zip,,inferred
2023/202305/asuljoyeria.com (onedrive.zip)/onedrive.zip,1040128,0326effaeacee876d50aa08f9d552a32d6e10201,ed128400cee0dfe55f759cc959795e8f16bc969cc151495cd6ca8d004a915727,https://asuljoyeria.com/wp-content/plugins/rtmhmqq/deplasse/onedrive.zip,,inferred
2023/202305/classydino.com (office3651.zip)/office3651.zip,6994,0eb08da47c6b05c8a71e641aff0f8c46d59cfb2e,f572d45b79b3dec6ae3ff8d4329b9fc37d7de723da5e0c7640dfa4231bd413e9,http://classydino.com/document/office3651.zip,,inferred
2023/202305/deftitinstitute.com (onedrive.zip)/onedrive.zip,517670,95ecc80be902d165536541101433fa985056d77f,2daee87110d60d5ec3b59b872ef0b78cb88bcaf3f190442d3aff2abcd6a9d36e,https://deftitinstitute.com/onedrive.zip,,inferred
2023/202305/e-processmed.com (meta.zip)/meta.zip,3070564,5aba4b88743cd339cd84b87ced728bfeadd5401e,c04227477e62a7f8fba56b44c8a189b96e9c0c98830a096545c33097e1e21a41,https://e-processmed.com/metamask/meta.zip,,inferred
2023/202305/owconsulting.fr (bbva-rube.zip)/bbva-rube.zip,3234830,39980106834ef9556fb48c979d599330eecaa1bd,69a2a3e6308522b312ce93e31d554f9719cb4680ab046a662eeeabc3f8d93c8e,https://owconsulting.fr/Notificaciones/bbva-rube.zip,,inferred
2023/202305/rubenhoyos.net (Office365.zip)/Office365.zip,409790,dcd8789426594931e6939c144cf93b2295f0bffa,1af2362ccd54890ddee2a69ebb9a1bb3782f2fd516eec3d4885a2beb054dd783,https://rubenhoyos.net/Office365.zip,,inferred
2023/202305/soimaz.com (onedrive-RD46.zip)/onedrive-RD46.zip,14178,abf8771e1fb5a7044a36b3c28f2a1d6c79daeb9c,3d40d69da394997bd2bee28d190c2039f292dc13bd5ee6b0e6d65494edd15987,http://soimaz.com/scxcbnm/sharepoint-msn/secureserver%20officefile/xvbh-view/onedrive-RD46.zip,,inferred
2023/202305/www.funny-island.com (web.zip)/web.zip,982839,4cad031d47ca4b4629c1b490f31b5a609bcb5dc6,c9c784c529dccbbb1f73bd30ce5a82d8c3380a7ae11c7333189bc3c8ce912d31,http://www.funny-island.com/includes/update/Portal-itau-digital/web.zip,,inferred
2023/202305/www.svitdivaniv.com.ua (Correos.zip)/Correos.zip,2792759,70d7dd9d22e3e9466f26e58339775d29ca9a8a44,38239c4646ac3f2d39c69bcc92fbf6ecdd682ef25d58b0e70cf7d8651695fd22,https://www.svitdivaniv.com.ua/shop/Correos.zip,,inferred
2023/202306/dghk.de (spotify.zip)/spotify.zip,14583097,8fc79665c6976296f644a70a090b7fe105fbe6c9,46e9ad521003d7053032b1a78b471314b80de96b5e6623d868e8c88fdfd4b90a,https://dghk.de/wp-content/plugins/spotify.zip,,inferred
2023/202306/opakowaniaprzyszlosci.pl (weellsfargo.zip)/weellsfargo.zip,12597,ad42de6bbe8cac8be551694fc289e6b84abfc296,5150631f43b41e46d075725ed136a42d2e1f5b8658d517ef6cc4ea4e3cf4eb03,http://opakowaniaprzyszlosci.pl/Jenny/Meeks/weellsfargo.zip,,inferred
2023/202306/redico.us.previewc38.carrierzone.com (onedrive.zip)/onedrive.zip,517670,95ecc80be902d165536541101433fa985056d77f,2daee87110d60d5ec3b59b872ef0b78cb88bcaf3f190442d3aff2abcd6a9d36e,http://redico.us.previewc38.carrierzone.com/onedrive.zip,,inferred
2023/202306/wannacool.com (office365.zip)/office365.zip,354481,64e8a3c4f8d2295d86bbbd1d6d01f72f448ba9bc,a0f78d3a0c40dde4e9c6dcbb8d41659a90f75e80e8d3c75c93deaa410f496476,https://wannacool.com/pole/office365.zip,,inferred
2023/202306/www.bgielectrical.co.uk (linkedin.zip)/linkedin.zip,36228,50c144a85ee87454cfc3e1c904aa6078e6bb5d32,39b10a10c261addc42863b3b2455aac4314d15e4f66d78e487c29133a91571c8,http://www.bgielectrical.co.uk/linkedin.zip,,inferred
2023/202307/cjhello.pl (auth.zip)/auth.zip,806,c148e3719911c595fa0870c669a8001e7c0c7ced,909916e5c3e9ab121d8794a2d8b5f7f2098eeec059e50db7222ab213400a8ebc,https://cjhello.pl/ita/Trip/auth.zip,,inferred
2023/202307/corporaciondesafio.org (hotmailCopy20.zip)/hotmailCopy20.zip,54321,79fec89fa534cf63dd39bbfb9a49b03da2fe6657,3092576ee1ea28fd255fde3b9fae34b8d57228c446fa8fa09b51ccae38e294bf,http://corporaciondesafio.org/Inicio-Outlook/hotmailCopy20.zip,,inferred
2023/202307/i-imei.net (LiinkedInhardest.zip)/LiinkedInhardest.zip,757186,19fdc4ff7a971824d6a0b4bfda96c217cdb376ca,1a8e1e7a6f55bc05dcedc038b7d11a52bf0031ad7aa48be97fef0ed74097a07b,https://i-imei.net/vendor/phpunit/phpunit/src/Util/PHP/linkdin/LiinkedInhardest.zip,,inferred
2023/202307/manlai.mn (css.zip)/css.zip,366514,32aa8e77fed8493f1ff1adc6a19946dd35845f1d,6a871b54d9b94691d2ed07ec6e502011aa2124c29f645c0e6d4480ff59140655,https://manlai.mn/css.zip,,inferred
2023/202307/php-lemon-wolf-tipila8097259058.codeanyapp.com (newnetflix.zip)/newnetflix.zip,193904,abbaccb788b589d07fe4d20cd9481550856a38fe,b5196f0f91f12b15953a267f97e52493bfb2a42e247088b183954a089b3d43ff,http://php-lemon-wolf-tipila8097259058.codeanyapp.com/newnetflix.zip,,inferred
2023/202307/redzonesa.co.za (onedriv%20(1).zip)/onedriv%20(1).zip,458355,b31fb026e22072f075f64d63b27fac9feae37b46,35beae936f196be732a5e2955702eba1e548ed5e5d4d82dea114472e01a3c038,https://redzonesa.co.za/ad-info/onedriv%20(1).zip,,inferred
2023/202307/www.slatealt.com (netlflix.zip)/netlflix.zip,205596,b4548d318a6b94e41de27c7c4abb192868c7dea6,14e1d21a3e96948ce5058f278d72bd1e04c965631ce9b504a10b122b77225ead,https://www.slatealt.com/ZFZ/netlflix.zip,,inferred
2023/202308/helvetica-consulting.net (linklde%20added%20(1).zip)/linklde%20added%20(1).zip,352276,056f3a9a849a4f18b9b65be2cdcf8c4eed241c38,5b5b568e90d4f40680d75d0be736d66570f7c9aa299c9acd4145103a8af02cde,https://helvetica-consulting.net/.../css/linkedin/linklde%20added%20(1).zip,,inferred
2023/202308/huyentong.com (antibotOffice%20New.zip)/antibotOffice%20New.zip,373526,1e60a5636b20c35fa8fa00fb2c2cf89ce4675b99,96dc362b0ea38bb6f885d5922c6e6b5f26af464990a8d5a4941bb6534882b7a2,https://huyentong.com/crushconsultinginc_newupdates.infomation_office365securelogin/antibotOffice%20New.zip,,inferred
2023/202308/minatoyama.jp (zipper-2023-08-22--00-26.zip)/zipper-2023-08-22--00-26.zip,254820,06e11feeaea697cc3cd93a6e2d7d113e844e537f,b930d3f7d8ecb626123d336de632dbe86cc26cd95e20189ecd7438e55f25867e,,,
2023/202308/minatoyama.jp (zipper-2023-08-24--02-32.zip)/zipper-2023-08-24--02-32.zip,114,64a625d73a75d702860f8c79e090b641115f4ec9,08722ca53999bd66a614925051d9d5a606ce9f769c87e6192db5dc6888c00239,,no-files,
2023/202308/minatoyama.jp (zipper-2023-08-25--23-49.zip)/zipper-2023-08-25--23-49.zip,284496,f6fbaad9477f3785dd1a8089aa8fedcc32a4a2dc,623a457d51ecef13bbea63c6d7d15e45c88b080d2e3efde0aedb8148cd7c4f4e,,,
2023/202308/minatoyama.jp (zipper-2023-08-27--00-42.zip)/zipper-2023-08-27--00-42.zip,813185,56e9dab1d0b786d5ebb929d1e6e51545a1b12528,9eadce63be99ac4b21ed17ecb91207b7f5800143383193e2db42da3719daf091,,,
2023/202308/minatoyama.jp (zipper-2023-08-27--15-00.zip)/zipper-2023-08-27--15-00.zip,102,b9d305f5455fb7f953e9caaeacbf39b7f298f6bc,e3ae1c7f5bb15c99a7f1765b84351a67d53d8c1d97fda12a335a9113d5ef2be8,,no-files,
2023/202308/minatoyama.jp (zipper-2023-08-29--03-04.zip)/zipper-2023-08-29--03-04.zip,298298,6e3757bc7fee533635221e9b063d5390c0a0690b,cef7e18cb207b025bba32f75624ef6fc10a794251ddff622fee11419d6f5ea47,,,
2023/202308/onedrive.com.file.ftmporn.xxx (approval-Annual.zip)/approval-Annual.zip,377937,ef05bb59868205fa3369ebb458879c1c10ac831d,5404e04281d0b5ce53595bc3a46bbd1972849dbb3e0e9b684b98fdb2341534a7,http://onedrive.com.file.ftmporn.xxx/files/approval-Annual.zip,,inferred
2023/202309/helpmyos.ru (eleyewellsfargo1.zip)/eleyewellsfargo1.zip,694019,4f3882ef498b12b4ebc2901adde3f33b3d735e51,2e94aff28a2c6068518a199f5928a5db59ec5138df7232d8b4580f1cd1bb587e,,,
2023/202309/malvim.net (office360.zip)/office360.zip,304761,c351606c062601830b1a2b5242d56ccbbc1804e7,10d88874c9bb303f12ca4af8becd5f9aff51aa30f888e899aafa8bae6fc8e532,http://malvim.net/secure/office360.zip,,inferred
2023/202309/manejament.com (newlinkedin.zip)/newlinkedin.zip,755882,c6dc677fb1c76b8a4015a565054bbde141fb2d19,b8a938f59277c6cdbb3d861119c48544ddbdb523190ba30e8b715322f3e8094f,https://manejament.com/wp-includes/linkdin/newlinkedin.zip,,inferred
2023/202309/uran.com.pk (paypal.zip)/paypal.zip,1880364,dbbf7b8ea803ae37c52e9405b38aef213d2419c4,a84d336ba7bae8bf8be0b5a5513ba70a30cbda17af8f9ded6363bf5a76f081b0,https://uran.com.pk/wp-content/plugins/mailchimp-for-wp/bin/paypal.zip,,inferred
2023/202309/woxmarketing.com (amazon.zip)/amazon.zip,3607283,2c0be342392b374510033cda3fe0307c5ae0c306,35ca6d075431407f930fbe084aceab3cd8f7a27511faa147c1dc00b7f08ab6c4,http://woxmarketing.com/amazon.zip,,inferred
2023/202309/www.helpmyos.ru (eleyewellsfargo1.zip)/eleyewellsfargo1.zip,694019,4f3882ef498b12b4ebc2901adde3f33b3d735e51,2e94aff28a2c6068518a199f5928a5db59ec5138df7232d8b4580f1cd1bb587e,,,
2023/202310/highdesertit.com (host22.mod%20(1).zip)/host22.mod%20(1).zip,1932354,29a539b2cacebf74ef1a8f015bfc2bc03fdf4345,69368370d144fa0c69f5aae3f37793474bdc563180b515837059b80142a68910,http://highdesertit.com/new/host22.mod%20(1).zip,,inferred
2023/202310/kejariwal.ind.in (privateinvestordeck.zip)/privateinvestordeck.zip,36143,c0cf571fdcacf8bf08f8fc9b40c5bcaa21e69d18,ec642e0ba854088af9fd0a290a5c5a65cdc32652c6d2aba8acc6ddc60de6f68d,https://kejariwal.ind.in/linkedindoc/privateinvestordeck.zip,,inferred
2023/202310/viper058.fatla.club (new.zip)/new.zip,17082,7f63a35395f370a74467b306544346b646f5156f,7047f84fb5acfab92cab4e44b9fa514e570cd2d3691f2cae590d9de1d13db61f,http://viper058.fatla.club/new.zip,,inferred
2023/202310/www.helpmyos.ru (eleyewellsfargo1.zip)/eleyewellsfargo1.zip,694019,4f3882ef498b12b4ebc2901adde3f33b3d735e51,2e94aff28a2c6068518a199f5928a5db59ec5138df7232d8b4580f1cd1bb587e,https://www.helpmyos.ru/wp-admin/user/eleyewellsfargo1.zip,,inferred
2023/202311/login.djrickymix.it (hotmailsign.zip)/hotmailsign.zip,14406,c6aa2dc1264b40aa4980300e64a084e25be9fa85,79822820173495f4a07735f8706edb1922e4dfad9b483cf0a81fa1428a0ee997,https://login.djrickymix.it/hotmailsign.zip,,inferred
2023/202311/monozoro.com (itauang.zip)/itauang.zip,1773744,ae9b5b838a8dba9e7662d9d2955491af83ca460e,a585cbef5df4e255ad06eb12f272201cf89eaedf13866555e4c67ba86fd97b3a,https://monozoro.com/sv/itauang.zip,,inferred
2023/202312/steamproxy.halo-meta.com (ho.zip)/ho.zip,48764,537a5a4bfa2bd3049f7fd4e5ac4617d41a71afa0,4f66485dcb2d2482cfcf76877b04b98f49920dd64290ecef596672389a23e933,https://steamproxy.halo-meta.com/login/ho.zip,not-an-archive,inferred
2023/202312/steamproxy.halo-meta.com (login.zip)/login.zip,0,e69de29bb2d1d6434b8b29ae775ad8c2e48c5391,e3b0c44298fc1c149afbf4c8996fb92427ae41e4649b934ca495991b7852b855,https://steamproxy.halo-meta.com/login.zip,empty,inferred
2023/202312/u492213.softaculous.dev (hr.zip)/hr.zip,1333374,2ab816fa98e6a671d833eaa5dd37d218245c9c69,0ce0e679b32f8c05dcb62744d79a7939cfa605a724f0a36c0b6d150588908b6b,,,
2023/202312/www.u492213.softaculous.dev (hr.zip)/hr.zip,1333374,2ab816fa98e6a671d833eaa5dd37d218245c9c69,0ce0e679b32f8c05dcb62744d79a7939cfa605a724f0a36c0b6d150588908b6b,,,
2024/202401/aws.amazon.com (de.zip)/de.zip,0,e69de29bb2d1d6434b8b29ae775ad8c2e48c5391,e3b0c44298fc1c149afbf4c8996fb92427ae41e4649b934ca495991b7852b855,https://aws.amazon.com/de.zip,empty,inferred
2024/202401/aws.amazon.com (rds.zip)/rds.zip,0,e69de29bb2d1d6434b8b29ae775ad8c2e48c5391,e3b0c44298fc1c149afbf4c8996fb92427ae41e4649b934ca495991b7852b855,https://aws.amazon.com/de/rds.zip,empty,inferred
2024/202401/aws.amazon.com (route53.zip)/route53.zip,0,e69de29bb2d1d6434b8b29ae775ad8c2e48c5391,e3b0c44298fc1c149afbf4c8996fb92427ae41e4649b934ca495991b7852b855,https://aws.amazon.com/de/route53.zip,empty,inferred
2024/202401/intesa-silibo20-0020202516658.codeanyapp.com (zipper-2024-01-06--06-14.zip)/zipper-2024-01-06--06-14.zip,5762684,7f89a093223e5d893283bca34450cad963c3e739,d14e45eded11117d425e2a94bb1e383a1e0c2d052863e6b519808a6474d111a6,https://intesa-silibo20-0020202516658.codeanyapp.com/L/zipper-2024-01-06--06-14.zip,,inferred
2024/202401/lsbnwcjvhj.cfolks.pl (netflix.zip)/netflix.zip,951921,92237cf6880c6fe83289c647d55863ef39eda5fd,bf28fed35aaffe9cf46e9b54596841a80ad6125a9d5f63b406090096c0080259,https://lsbnwcjvhj.cfolks.pl/netflix.zip,,inferred
2024/202401/wonderwallmuseum.com (trustwalet.zip)/trustwalet.zip,1337702,6e2b9c68c2ac0b14d862f5491e4e5c3bd893e1d3,4234791327094ab6f20683ac8780da66e03cf296a9e9bac38f1d5c69ab8c7190,http://wonderwallmuseum.com/cgi-tru/trustwalet.zip,,inferred
2024/202401/www.snapfish.com (home.zip)/home.zip,0,e69de29bb2d1d6434b8b29ae775ad8c2e48c5391,e3b0c44298fc1c149afbf4c8996fb92427ae41e4649b934ca495991b7852b855,https://www.snapfish.com/home.zip,empty,inferred
2024/202402/2fa-metamask.online.snackbarko.nl (welcome.zip)/welcome.zip,493683,f71b2eb7e1b67f03a9785350aac7ec469463c2a5,5d9ecdbef49d060aab2c6baa4fdc4533a04cd5382e59bb7c8d6080756f55a51a,https://2fa-metamask.online.snackbarko.nl/welcome.zip,,inferred
2024/202402/carpascubrimientos.com (theme.zip)/theme.zip,1862188,1e8e9d06b889d9da153ee736c4d7f2a5cdae7ae6,69d6dfbe1563a016e5f42ff4044348a0f4204cace00f2f7ead02e8e02f6e7975,http://carpascubrimientos.com/theme.zip,,inferred
2024/202402/coinbase8.xyz (dist.zip)/dist.zip,14103521,324f97b005ec1284fe0e008ffd309d7755a4383a,f28eb285f205740b2b2f4adb6c82afad8840751d2702e70c16491cbdde4cce0b,https://coinbase8.xyz/dist.zip,,inferred
2024/202402/dawnwise.co.zw (of.zip)/of.zip,64895,597d0608eee5a843686285bcf62dd969c911f4a9,5ac499647ad3528be8e19fa0f3e0022e287f6f88182ca59d2f94a6732099acfb,,,
2024/202402/eylembonus.org (onedrive-4D4.zip)/onedrive-4D4.zip,2690780,0e8b49093b092013ef20ecf3b38eb904b7368535,a74192c336a4f8ca72229ec627c87b77da36b65b73b560081cb1d2f1af956871,https://eylembonus.org/onedrive/onedrive-4D4.zip,,inferred
2024/202402/topmeat.com.br (ppi.zip)/ppi.zip,310565,6bd8542dfd43370c5748b55aba6a142042b2c92e,d2bdca735f7afab94096536d8582bd7469a41a922e68b8ac9a07e715fcbdc5ad,https://topmeat.com.br/officemicrosoftsupt/ppi.zip,,inferred
2024/202404/admin.rademeyers.co.za (office365.zip)/office365.zip,769155,82cad625599edac19529c4b9119501db0fba8d0e,7baddb6228fa34b7534de2424a10ef45187f78b3cffc18df5decdbc4e887de71,http://admin.rademeyers.co.za/office365.zip,,inferred
2024/202404/amqxk1.ru.com (onedrive-RD46.zip)/onedrive-RD46.zip,14178,abf8771e1fb5a7044a36b3c28f2a1d6c79daeb9c,3d40d69da394997bd2bee28d190c2039f292dc13bd5ee6b0e6d65494edd15987,https://amqxk1.ru.com/sharepoint/msn-xls%20webshare%20document/onedrive-RD46.zip,,inferred
2024/202404/delivery-service-au-br-ar-moujtabid60474585.codeanyapp.com (correo2024.zip)/correo2024.zip,3100414,95c24bee7971d923c6db76d2efa65e0cfe2c412d,24dd4a1cd50d993ee307ac102c81f0ad40f1704d07c77dc62291a7d9a63b328c,https://delivery-service-au-br-ar-moujtabid60474585.codeanyapp.com/wp-content/plugins/ubh/correo2024.zip,,inferred
2024/202404/metaverification.publicvm.com (facebook.zip)/facebook.zip,334464,966903c84a9541346e689005d1f574b2a7ad69dc,75cea7ed83b6d4e16c495e8e497916e337b0037f78aff39cabb82392630c2cc4,https://metaverification.publicvm.com/facebook.zip,,inferred
2024/202404/www2.deloitte.com (de.zip)/de.zip,0,e69de29bb2d1d6434b8b29ae775ad8c2e48c5391,e3b0c44298fc1c149afbf4c8996fb92427ae41e4649b934ca495991b7852b855,https://www2.deloitte.com/de.zip,empty,inferred
2024/202406/0swelterin.best (sharepoint_telegram-new.zip)/sharepoint_telegram-new.zip,2731665,d4e29bdfaeef7fc5c3b42c5c3b8624455ad441a9,72443ece2bedd04ce9e202c126a1a72a6bf4a2ea3844f1a6826c37fc52d2af05,https://0swelterin.best/Onedrive/sharepoint_telegram-new.zip,,inferred
2024/202406/armoniaterapias.cl (itauabril.zip)/itauabril.zip,974681,96c0b778d04a2420835bd1658aa04a815ecdaf8a,e48a84654c29e7da610cff11dfa744e73bc2216f61966f751fbee84b247a654d,https://armoniaterapias.cl/itauabril.zip,,inferred
2024/202406/casorranyasoc.com.ar (itauabril.zip)/itauabril.zip,974681,96c0b778d04a2420835bd1658aa04a815ecdaf8a,e48a84654c29e7da610cff11dfa744e73bc2216f61966f751fbee84b247a654d,https://casorranyasoc.com.ar/itauabril.zip,,inferred
2024/202406/i2dclass.com (itaunew.zip)/itaunew.zip,972831,c02279dc475265abe57cee7abad26679c3208ce1,a473a307cbb9853520b9c748b784033c0c997eca881207a1dcdf767a4b3be9f6,https://i2dclass.com/ita/itaunew.zip,,inferred
2024/202406/masteraccount.in (itauabril.zip)/itauabril.zip,974681,96c0b778d04a2420835bd1658aa04a815ecdaf8a,e48a84654c29e7da610cff11dfa744e73bc2216f61966f751fbee84b247a654d,https://masteraccount.in/trrr/itauabril.zip,,inferred
2024/202406/masteraccount.in (itaujunio.zip)/itaujunio.zip,974682,4b0922db8206d49b529f0df2a1bae8e65d23cfc9,4adb05af9f335bc075b09e02ca9536ef85a1bb8d4c6c82da2a0a1fce365d66b9,https://masteraccount.in/trrr/itaujunio.zip,,inferred
2024/202406/oriondraco.com (itauabril.zip)/itauabril.zip,974681,96c0b778d04a2420835bd1658aa04a815ecdaf8a,e48a84654c29e7da610cff11dfa744e73bc2216f61966f751fbee84b247a654d,https://oriondraco.com/iat/itauabril.zip,,inferred
2024/202407/enelaltardedios.com (itau24dejunio.zip)/itau24dejunio.zip,1835960,816cd82bd497a378314d4e417914fe9c83b1fd06,37d4ed5b17be075281a78fac7768f962166974e5c9ad0b5560182c9be4c2fa20,https://enelaltardedios.com/it/itau24dejunio.zip,,inferred
2024/202407/waltzer.supporthives.com (itau24dejunio.zip)/itau24dejunio.zip,1835960,816cd82bd497a378314d4e417914fe9c83b1fd06,37d4ed5b17be075281a78fac7768f962166974e5c9ad0b5560182c9be4c2fa20,https://waltzer.supporthives.com/public/itau24dejunio.zip,,inferred
2024/202407/www.7auth0.info (sharepoint_telegram-new.zip)/sharepoint_telegram-new.zip,2731665,d4e29bdfaeef7fc5c3b42c5c3b8624455ad441a9,72443ece2bedd04ce9e202c126a1a72a6bf4a2ea3844f1a6826c37fc52d2af05,http://www.7auth0.info/Onedrive/sharepoint_telegram-new.zip,,inferred
2024/202407/www.gamaconsultation.com (Onedrive-Captch.zip)/Onedrive-Captch.zip,604950,6052a16cbf63fc6719e9e347eee9524036603559,b9c2eb86a3822d8eb1938608c75abcb3dcba01d0506a60c3f35b32653197f8d1,http://www.gamaconsultation.com/you.gamaconsultation.com/Onedrive-Captch.zip,,inferred
2024/202409/coinbase-verification2778.crabdance.com (CbUpdatedV6.zip)/CbUpdatedV6.zip,12149674,ee27d32be4743c5d18e71cead0055b286ac1fd8b,03aa643ce2de1c9ccf9ef76983df8d18de7f445d2830fb13816e6a01c06715ba,http://coinbase-verification2778.crabdance.com/CbUpdatedV6.zip,,inferred
2024/202409/waltzer.supporthives.com (itau24dejunio.zip)/itau24dejunio.zip,1835960,816cd82bd497a378314d4e417914fe9c83b1fd06,37d4ed5b17be075281a78fac7768f962166974e5c9ad0b5560182c9be4c2fa20,http://waltzer.supporthives.com/public/itau24dejunio.zip,,inferred
2024/202410/seridem.es (spotify2k24private.zip)/spotify2k24private.zip,301927,4bffe82222a7da8ea2dc27ad4e36d8d4c397a0b3,9be74b856ae59a0c4c3c377a316c2528d9796ca9280ede1cb4e672c7e6657e5b,https://seridem.es/Spot/spotify2k24private.zip,,inferred
2024/202411/comsoftsistemas.com.br (Amazon.zip)/Amazon.zip,2388072,0da38c669a8cd3291c3455cb36cf4f4151e16453,ee11cbe4468d3315c6d1a3b1d3dad936ea2228a19588fe4a0901d9d613d9c1e2,https://comsoftsistemas.com.br/Amazon.zip,,inferred
2024/202411/giberm.com (drop.zip)/drop.zip,7719537,727592e3ec3582595ab0db8f3506633385f45fe0,b3eece961e2f2f7d57ccf4447002c847a3164d85cd73f3fdcd9340ac95f69e67,https://giberm.com/login/drop.zip,,inferred
2024/202411/netflix-security-checkid.3-121-202-207.cprapid.com (auth.zip)/auth.zip,642633,06aa591eab3b32d3d3c3483d01b2831aed1d4cbd,4f3be3d45ab1c3ed12033e3e77252325d11bb3c36f0dc8bf3ce68ca742708648,https://netflix-security-checkid.3-121-202-207.cprapid.com/auth.zip,,inferred
2024/202411/nr.iiil6.za.com (spotifyV4.zip)/spotifyV4.zip,648061,b3d8e51b2feac0dfd9fb1f5825bbaa0922fa7e58,de5f5482b503c136525accf0cc961e3acfc2447c456c9520d59628cc1fe2aa0b,https://nr.iiil6.za.com/.ll/spotifyV4.zip,,inferred
2024/202411/tuxlev.com (Office365.zip)/Office365.zip,22965,d58be5655ac189dcdd7e687d9aade386014de504,3a53c277dcdc1b6015f55345dd0e02fed38168704e1e7f81c9bc9ab4d07fe706,http://tuxlev.com/millie/Office365.zip,,inferred
2024/202411/xzzxm.net (metamask.io.zip)/metamask.io.zip,7851237,b823bd2d95ae47f52563b2807375dd77e8a7ffa8,9cac9a3833150ce9a66b106cfa7c1513d35484f39661b3c02f5c3df6026e7770,http://xzzxm.net/metamask.io.zip,,inferred
2024/202412/boapremium-001-site1.ptempurl.com (boa.zip)/boa.zip,19714261,2d6d52616a5d4d6afb8a435d4c77dffa888c080e,5c93d1b1b07f14275a829a5ddd0cd48ee29ce64a2992fd5cd4415f8643228c1b,https://boapremium-001-site1.ptempurl.com/boa.zip,,inferred
2024/202412/clienti-online-intesasanpaolo-it-web.codeanyapp.com (zipper-2024-12-25--20-21.zip)/zipper-2024-12-25--20-21.zip,10986412,70e652be681d28d5c6e87d3acc2cc10f8e1f7aee,a1e94a1dce96c3bac878089c8ca231e67f3af7a5199d1a468a67f7ad9c015961,https://clienti-online-intesasanpaolo-it-web.codeanyapp.com/wp-admin/it/zipper-2024-12-25--20-21.zip,,inferred
2024/202412/www.comsoftsistemas.com.br (Amazon.zip)/Amazon.zip,2388072,0da38c669a8cd3291c3455cb36cf4f4151e16453,ee11cbe4468d3315c6d1a3b1d3dad936ea2228a19588fe4a0901d9d613d9c1e2,http://www.comsoftsistemas.com.br/Amazon.zip,,inferred
2025/202501/arnovandesijpe.ikdoeict.be (correos.zip)/correos.zip,2770589,79f60d887842bf2b7ba20e28246e923c6c001bc7,13b2a5d8f93a69435ecd2ebedb4dda3e55be4843c4a3436cb579477655391e44,https://arnovandesijpe.ikdoeict.be/images/lab1/correos.zip,,inferred
2025/202501/casella-posta-intesasanpaolo-online.codeanyapp.com (web.zip)/web.zip,10968858,05b5fbdbf2d2ae80a3f88503e30a2dcd1e0262e9,e376f91838fc7ca289a33073b79dce4422cd1740ed2b0fc0c5dd1330df52dc6a,http://casella-posta-intesasanpaolo-online.codeanyapp.com/wp-admin/home/web.zip,,inferred
2025/202501/casella-posta-intesasanpaolo-online.codeanyapp.com (zipper-2025-01-16--07-23.zip)/zipper-2025-01-16--07-23.zip,122,76ce7904cf9b4f681672d2e65f4324ff6a350d94,fed477f6ef0533157560bf87f68cb226501eed663fa7e70f85fc31e68a9cae84,http://casella-posta-intesasanpaolo-online.codeanyapp.com/wp-admin/home/zipper-2025-01-16--07-23.zip,no-files,inferred
2025/202501/casella-posta-intesasanpaolo-online.codeanyapp.com (zipper-2025-01-16--07-26.zip)/zipper-2025-01-16--07-26.zip,106,2cb9f7ada57458cb0ee02b4b5836465a3d83b609,40cae207562b73f22ca9b3159909dd141ab7e38c760d674bd3c8d1fbc67d8e7f,http://casella-posta-intesasanpaolo-online.codeanyapp.com/wp-admin/home/zipper-2025-01-16--07-26.zip,no-files,inferred
2025/202501/casella-posta-intesasanpaolo-online.codeanyapp.com (zipper-2025-01-16--07-42.zip)/zipper-2025-01-16--07-42.zip,24297935,c6cc4871f13c0858dcdc864cb97d3345f20b4c92,1cddab6b59ad1d9e118837beee500576dfd14b089cbf4c36c0f9291b0485e224,http://casella-posta-intesasanpaolo-online.codeanyapp.com/wp-admin/home/zipper-2025-01-16--07-42.zip,,inferred
2025/202501/casella-posta-intesasanpaolo-online.codeanyapp.com (zipper-2025-01-16--07-45.zip)/zipper-2025-01-16--07-45.zip,62473677,a3a9438cc362ea6515a9dde0c1ab036670111031,99c536cf19ae89241ad04513b2e33d58efa31b7e0371bc2d278dfff56d48255b,http://casella-posta-intesasanpaolo-online.codeanyapp.com/wp-admin/home/zipper-2025-01-16--07-45.zip,,inferred
2025/202501/casella-posta-intesasanpaolo-online.codeanyapp.com (zipper-2025-01-16--09-26.zip)/zipper-2025-01-16--09-26.zip,10988093,12870b1231f879f9158cf204d31e6081a1963e0d,4cc6a1d356c0b0eebdd23c285a9160dfd680583a598c91b052099de6a80661cd,http://casella-posta-intesasanpaolo-online.codeanyapp.com/wp-admin/home/zipper-2025-01-16--09-26.zip,,inferred
2025/202501/clbanco.com (onedrive.live.comonedrive77548ae965764118acef699.zip)/onedrive.live.comonedrive77548ae965764118acef699.zip,3329519,f504508fd529624625c27897455ab1eeed2a3558,e6a66417fc2eaf13c4574213199274fabaeab2f3b17283ff998e094a2afb2289,,,
2025/202502/alignedairdrop.publicvm.com (onedrive.zip)/onedrive.zip,129004,936488da9862100bd063a080de26a553a11311e1,2c776502895ca6a7c8f8545cf4dd850f4e135355be25aa50b59586a75ecfb78d,https://alignedairdrop.publicvm.com/onedrive.zip,,inferred
2025/202502/asilopozzuolo.it (trustwalet.zip)/trustwalet.zip,1342275,dec97eeffdd62c0a340cb4060b04ded39701616e,4eefd6a29fff18772fbe8b3cc5e18b901c5377da439107a610d7d4698092de3d,http://asilopozzuolo.it/trust/trustwalet.zip,,inferred
2025/202502/cloudnetfiji.com (Security.zip)/Security.zip,121129,044fb63214be311c31cbb913980bbf63b6b44815,d12d9b8b27ee007957d692a06d7a0b174c8f8abf9bf1715f7060a55884ff96ec,,,
2025/202502/otakunomnom.com (itaujuniolisto.zip)/itaujuniolisto.zip,2081497,85552ccd4c01655e33e53089885962be3fd0f086,bbcc4bc027c4995193eda127d92cce8258425ddab66abbdeda4d1dd732f9e87f,https://otakunomnom.com/file/itaujuniolisto.zip,,inferred
2025/202502/www.clbanco.com (onedrive.live.comonedrive77548ae965764118acef699.zip)/onedrive.live.comonedrive77548ae965764118acef699.zip,3329519,f504508fd529624625c27897455ab1eeed2a3558,e6a66417fc2eaf13c4574213199274fabaeab2f3b17283ff998e094a2afb2289,http://www.clbanco.com/icon/onedrive.live.comonedrive77548ae965764118acef699.zip,,inferred
2025/202503/fantasyworldindoorplaygrounds.com (netbymee.zip)/netbymee.zip,1946054,a65f73dd59fe087f6a1dc3014c01bcdfe1540b04,05e8d3b8627570ad820a9d91376b30f0655660e0541d1d2ab9794abb22d00315,https://fantasyworldindoorplaygrounds.com/.well-known/netbymee.zip,,inferred
2025/202503/mrtb.net (appleDASFwq23weqqw34eFSDFS5435ERWR.zip)/appleDASFwq23weqqw34eFSDFS5435ERWR.zip,223,884dd9fcda17860830ffdc33f3dfeb613b762e38,80720f95b83abf0d0b956f1e593ba1e2cafb40da4184b83e5b655fe3aed9d863,http://mrtb.net/appleDASFwq23weqqw34eFSDFS5435ERWR.zip,not-an-archive,inferred
2025/202503/technicdude.in (scotiabank.com.zip)/scotiabank.com.zip,99056,18865c9faddc96169ae93c81da5aa3b80fdfc718,9e14a26650b88d79c6bd8f10a19ed49b77df9e462e579ebaedf4d71e3ed3490e,https://technicdude.in/scotiabank.com.zip,,inferred
2025/202504/s-costa.com (opendaysd.zip)/opendaysd.zip,879461,2dabe1082305a5f8f12b792711ad583ab46cccd6,b18454b402b56cf6731ceab45d0654adca631233f7f3b3015c4ff7678d1adc90,http://s-costa.com/tau/opendaysd.zip,,inferred
2025/202505/s-costa.com (openday-arab.zip)/openday-arab.zip,1698283,94b673ae060b6d4cd2e70444af33379ad6f6a5ee,97cbccf6176f8af99e50b4936d1e20a439d2472f7f8ffa9f6a6f1d2bb04594e9,http://s-costa.com/tau/openday-arab.zip,,inferred
2025/202505/s-costa.com (openday-haredi.zip)/openday-haredi.zip,1213740,ccb05bb2006a95b064fd20ff0cb9cc4573592a30,d58573d0e2323049327e45ddf23ba2c4798fc95e12a2e7a4b400318f084eee98,http://s-costa.com/tau/openday-haredi.zip,,inferred
2025/202506/icloud.la (joshua6955.zip)/joshua6955.zip,20965262,9c44db94130fc481c61911c173d029ef98e8711f,73e16b73254ca9021d43335b034e7c06382da18cb1554e01fd0e5f6577ec83e3,https://icloud.la/joshua6955.zip,,inferred
2026/202605/0605lkptar.enterprisepolicycenterassist.com (public.rar)/public.rar,17863,2e2ab17e3e27615451fbf922066a779797373bb6,4130c137db6e64de7526c13d0389aa53c2780cd2c9f7100134e5330264bea607,http://0605lkptar.enterprisepolicycenterassist.com/public/public.rar,,recorded
2026/202605/allegro.ofert-a932819.shop (lokalnie.rar)/lokalnie.rar,2791340,189b648813ad27f89b1512b6550ec88bbfa7aee4,33410e0484056a447a9fa5c7a3879122079bbf5d21ef2048fb4112e2b013a998,https://allegro.ofert-a932819.shop/lokalnie.rar,,recorded
2026/202605/apptechnology.xyz (cloudflaredone.zip)/cloudflaredone.zip,6291,7209cf4f3329ea28fe36e8934de4f16616de392c,eaa6a8cf26166348151e5fcfdb4e471c6729820c99675f6df716c4f1c89ae461,http://apptechnology.xyz/newfresh-document/cloudflaredone.zip,,recorded
2026/202605/avalencia.com (admin-red.zip)/admin-red.zip,9537,a80c608a9db55f7a12f37eb18912ec0499925578,d1c1b7363243d09ea93f0b048ece9162b75f3448c611554540a322e0e5966418,https://avalencia.com/wp-includes/assets/admin-red.zip,,recorded
2026/202605/bbigches.com (Shaw2022service.zip)/Shaw2022service.zip,114268,98efd74c49c499598ea19effe6ed564b6c00336b,c966044dec1542eabc4a9c252cb39bfe9047244517bc4ff48dd1e349ea821f99,http://bbigches.com/Shaw2022service.zip,,recorded
2026/202605/cs-clientlogin.com (applyform.zip)/applyform.zip,21574368,50200bc4fd8a4a820f6bdcac35095055879dbb03,1f918a5f47462256b9517413e2f1c74364b88fe4f971cc8e86fa094b3a83be53,https://cs-clientlogin.com/applyform.zip,,recorded
2026/202605/fix999.net (raxs.zip)/raxs.zip,955466,9b03c58b8d5d7f7adab77ea6d4a255ba896f0d11,8f8d6099936b3a22abf35647264dd54d658a4cc59e8c725973d707d091ee2e6b,https://fix999.net/wp-includes/raxs.zip,,recorded
2026/202605/gerenciadornetempresasn12net.app (archive.zip)/archive.zip,88964,5407d4cb52c8316bd748d67d0848cb93fc615e89,2e6a4b9df802d6ab3b89d3ce97bd159f9a2df0f413afba2ae61f75037605573c,https://gerenciadornetempresasn12net.app/archive.zip,,recorded
2026/202605/kelvyn.digital (mnx.zip)/mnx.zip,897020,b3c4536dd32014875c78f66490371a094f634fbe,383c132eca02b5e66ef31bb150abf803b7bc6fc6ce0bbdcda299de2589858e83,http://kelvyn.digital/fonts/mnx.zip,,recorded
2026/202605/linn-eska.de (0utFix.zip)/0utFix.zip,125301,a7664242b98c2d73f65176b220473e75d649c599,0f4ac579f44f512e706ad7f473b96f0e91833afc19e4b7bb12385c1be027c670,http://linn-eska.de/tuxk1yh/zgil1jk/ordhig1/jloda/0utFix.zip,,recorded
2026/202605/microtv.ma (met.zip)/met.zip,2202854,abc8e99e4531233e13c3ff8623497f3407397621,08bc9182f8f366719b8beb5dc3ff4c9cecfe03126c3b2a371a3085d11bd0c963,https://microtv.ma/wp-includes/style/p/app/k/kj/met.zip,,recorded
2026/202605/my.7-11.com.basery.top (panel.zip)/panel.zip,4360088,1fd62a750aa3afa41e022c426fbe3976354bf2c6,954d9e37f68ab254b91f55f9ba4c4ba5138c57049e2e38f3593685ecb93c8a71,https://my.7-11.com.basery.top/panel/panel.zip,,recorded
2026/202605/newrelic.atesco-solar.com (mt_ola.zip)/mt_ola.zip,6010860,ca29617eb0b036f21ca87a465a603c3e77f80aa3,a4baf9743d2dacc6aea6c0f0ec39c829188fabc7bb09d999b052fdc361972b15,http://newrelic.atesco-solar.com/mtb/mt_ola.zip,,recorded
2026/202605/reservalo.vip (wp-includes.zip)/wp-includes.zip,13934818,2820744d233fb588f6e992a5ab045460df4e1a5c,4b90b21161b3bedc8dbe9f0784c7c03c81c312951dbaf52188f50ea6127cdc16,https://reservalo.vip/wp-includes.zip,,recorded
2026/202605/seblevqc.com (seb2chat%20(1).zip)/seb2chat%20(1).zip,12255992,1803044bc33645c07bcbd2d2c4149c6c2bdf8d7a,ef28fa8ace48ee3f0690be8aea82c0003a3929dd5b02e7b695679a8e1e709ce5,https://seblevqc.com/seb2chat%20(1).zip,,recorded
2026/202605/update-billing-netflix.shekinahglory.co.zw (netflix2025.zip)/netflix2025.zip,1450742,d6bf95cc468e3037365a04923722f2d6878f1b22,a32f2f626c0672fbddf4a6f32b0d19bb39b1d5f8cd261662b98772ebe9fe343d,http://update-billing-netflix.shekinahglory.co.zw/netflix2025.zip,,recorded
2026/202605/wordpress-1630877-6452083.cloudwaysapps.com (ZERRZEE.zip)/ZERRZEE.zip,2696658,fabe565c6cdd1f0b8fc419abad4415415453f6e8,98919b21db6192d4026e7a807db15c09c52347a56625dc1926dab01f253788de,https://wordpress-1630877-6452083.cloudwaysapps.com/hhdghft/ZERRZEE.zip,,recorded
2026/202605/www.busanopen.org (office.zip)/office.zip,70389,7081185fda37502403c77ef94dedc163e6fc27f5,5b1b55f72876184e57cd10803d4fc5f5f257fe6631b7d8747c91a1d47821d940,http://www.busanopen.org/office.zip,,recorded
2026/202605/www.gwenet.org (office.zip)/office.zip,2784411,3e6aedb0aa5111fab8134f66a7c21ed16b169fcb,c217127d2f02111d79b6b41841bbd57b3dd3ca0fe4589a154baf4ba2669bff75,http://www.gwenet.org/office.zip,,recorded
2026/202605/www.plan-bet365.com.cn (skin.zip)/skin.zip,13519768,4edd8321551c62f063b76788bd1dc63eeb678293,a1634ce2e377380e29ba8642ac36b36eb220a6f701690496ac5c8b43b0b4d683,https://www.plan-bet365.com.cn/skin.zip,,recorded
2026/202606/360plus.net (fixeddRop%24%20%282%29.zip)/fixeddRop%24%20%282%29.zip,1818202,1f43369aa11315ab0edd665dd56d7f26ce97be9c,ad24b06833f62bd435403273311ae4bede3bfde0d78442cc669c073fc00d5ae7,https://360plus.net/fixeddRop%24%20%282%29.zip,,recorded
2026/202606/37m.xgfc555.top (img.zip)/img.zip,1165860,4606f29403c7ab4294d9c9fbb8dcb88f4e8bf52b,7116ce81c69937c8eeb11136fa12f9c82e91e0f56cfd84da93316a60633da4fb,http://37m.xgfc555.top/img.zip,,recorded
2026/202606/accessinvite.abrdns.com (K.zip)/K.zip,162763,1e92223a68cce4df731632b1e54f05f57cf97317,6872ccb3a4044dcff1df530f2ecad7e761125b3a2f145fb65d2edb2ce08d63f5,https://accessinvite.abrdns.com/K.zip,,recorded
2026/202606/acct.caixesp-finbk.com (es%281%29.zip)/es%281%29.zip,30702448,60a2b392f21138f49f7b506064cedbf5c4d1b7e8,9901d5e5c265edc7f9e2eb322e54d2423abd2c44b78b3f4ace56e79d73d7de98,http://acct.caixesp-finbk.com/es%281%29.zip,,recorded
2026/202606/allegro.ofert83481.shop (api.rar)/api.rar,37016,55dbcf140e49c1e1125750e72acc8b01a7a099a7,c6bdf8508855c1d93fc06ba0d5dbb62825e2df8a61572af2e8a2866f6c2ae196,https://allegro.ofert83481.shop/api.rar,,recorded
2026/202606/almarabeaunited.com (assets.zip)/assets.zip,182946,2406688e4aa27ee9f3a359a89e7ba1d85ed96c01,408caec3d6ebb912c5c48de8dd14f2f9b87dfc253fdd4c23bd253629355c3579,https://almarabeaunited.com/windows/assets.zip,,recorded
2026/202606/apple-verification.org (assets.zip)/assets.zip,1925900,b28bfca93bb8c8e6101f799d2f33566b786e0c8b,cf3abf0cecfe21c729238682da26c65fe42fbd93008a66f094aa50deba7c5bc1,https://apple-verification.org/assets.zip,,recorded
2026/202606/azirksa.com (Prestige_Law.zip)/Prestige_Law.zip,742,3a22e03b4d896f756bd523a2215759509e65c029,78c9776aeaebb1ce131fc0bd85dcb953ce4271d765d129083d4a41735b9460df,https://azirksa.com/Prestige_Law/Prestige_Law.zip,,recorded
2026/202606/bbvanet-cash.duckdns.org (htdocs.rar)/htdocs.rar,11253022,9fdb77906abdff2eddddf9c04e09a2196bb7257d,424cf3188cf74bcf9c23179b8e3c2035597b87e4ada285174337d388ecb1d9be,https://bbvanet-cash.duckdns.org/htdocs.rar,,recorded
2026/202606/bbvanet-cash.duckdns.org (htdocs1.rar)/htdocs1.rar,16814527,72aa650292e08081b81c6b00324118e57aa2463c,6b8bcb4060827b781b9f499ef4c5f75fbb674c148d2fa323816dbedc5f7ea829,https://bbvanet-cash.duckdns.org/htdocs1.rar,,recorded
2026/202606/bbvanet.duckdns.org (htdocs.rar)/htdocs.rar,11379822,a19bffd76c075e24d1b2adfff11f8fdeec913709,8d72a65485d4f5abcca2500e31a233d0982259a57402b75665984a0579ee0fa7,http://bbvanet.duckdns.org/htdocs.rar,,recorded
2026/202606/bobsrvsc.com (docusign.zip)/docusign.zip,17505114,206b0580f5db6b9d89ac4139784b02bbdd9d5ffb,98bea8b69e8dfaac96f207c57eafc900bb2b6e96595420cba4b3d56c74920463,https://bobsrvsc.com/docusign/docusign.zip,,recorded
2026/202606/calmrelief.com (ftx.zip)/ftx.zip,3619,9cd72a4f5f89e4372b8cce633149f5509588cf1d,ad7b37caaebff8e7a284be9d3f893ea176d811fbd682052c13af391fe22decf6,https://calmrelief.com/ftx.zip,,recorded
2026/202606/cccm.jsdaweb.my.id (dan_ver_buton(DP).zip)/dan_ver_buton(DP).zip,12283944,5f441d453c008babafe0ff8b8cdcf92a4eae41a1,586b500980291f797c80774378c758d6c08cdec949e59dbd740e1792c24254b6,https://cccm.jsdaweb.my.id/dan_ver_buton(DP).zip,,recorded
2026/202606/cclo.click (seek.zip)/seek.zip,5684,9e15c21aaf9438b29b0a7708996b7276113ef3d9,ff6f2774eaefd81a9a5943ebd14646bf2decf432e686e7a1de6921b5ccbcabaf,http://cclo.click/seek.zip,,recorded
2026/202606/chinatriptour.com (BS21110088121812100-00111.zip)/BS21110088121812100-00111.zip,42182,98b25b88aa0bde592c6cba4f87a2e5f59630769e,2065625dab8ee883a034649ef27336db7b66313c096eb2b7b47de8fd7261a9c7,https://chinatriptour.com/bs/BS21110088121812100-00111.zip,,recorded
2026/202606/chinatriptour.com (V00021181002110001-000211.zip)/V00021181002110001-000211.zip,42206,9a8ad8f7327d7d063eb186288c9cced06acbdec4,43a4e7c06c70c8676558dbbf2a349c1edfdaecab46db9e7f4e7661f5e02fa11a,https://chinatriptour.com/wx/V00021181002110001-000211.zip,,recorded
2026/202606/chinatriptour.com (V2221000552100021-211021.zip)/V2221000552100021-211021.zip,42324,65cf1696a29d0444c62c529df36e1408c258ad1b,4862cc80b9fc5681f8559d9b87357b2d41ff8917a35a6bd76f6c7eee80b5a266,https://chinatriptour.com/wx/V2221000552100021-211021.zip,,recorded
2026/202606/chinatriptour.com (W2000011853108822-5121004.zip)/W2000011853108822-5121004.zip,42166,f8f8ca0c7418e7ce67096706ddd78cc5cbca5668,633113ecef1ec15135265228bdada48f81b1efd9091722ea7348369d3d8967f9,https://chinatriptour.com/bs/W2000011853108822-5121004.zip,,recorded
2026/202606/clickitonce.com (xoxo.zip)/xoxo.zip,319316,0e5ecd511b3ff8f4a1a0f9d888a73fa4310a0cb7,b196de30f607297ed21ffbb1ad2c309530194f3be5afef9be0fa852c0d3ad9e6,https://clickitonce.com/ee71e6/xoxo.zip,,recorded
2026/202606/cpcontacts.129-121-102-216.cprapid.com (assets.zip)/assets.zip,7998899,9ca77b375ed604275b6ab17541f9887ae032209c,6e74c81ea8cec6fca913eb5b7957c5b8d48dc964027b44719081f5946349c3ae,https://cpcontacts.129-121-102-216.cprapid.com/assets.zip,,recorded
2026/202606/dasi303.com (ff5757.zip)/ff5757.zip,114003,36ee457c4a21459f30d5efada3571529d24a5bb4,1489671d26aaaf5b8146c37b56d22aa1382d1cfdee4cfd66f247a932098fefd6,https://dasi303.com/wp-admin/1drive/ff5757.zip,,recorded
2026/202606/dc.crsorgi.gov.in.codezfree.online (login.zip)/login.zip,76955374,760e1a8d64d59b926246cd682d3b6655a3e2ae0d,39994ceb25cca621df05af0e08f442c34980aef07c0e9a2f6cd82df5cb915922,http://dc.crsorgi.gov.in.codezfree.online/login.zip,,recorded
2026/202606/dc.crsorgi.gov.in.index.dc-p.xyz (admin.zip)/admin.zip,29061046,7d07c35bbe7cc9a151c17494d0e4e8853a9992ac,774666f9602a4197f6ef905f00d54691ecf07f90786540af6bb16f19ef90957f,http://dc.crsorgi.gov.in.index.dc-p.xyz/admin.zip,,recorded
2026/202606/dc.crsorgi.gov.in.verifyy.in (assets.zip)/assets.zip,3174692,132a1587983ffcb07fb864db15e74f6b9d5ce3f4,2778058b39f56eb3ec49ad04b57de83921644fefd5a557672d2529b5c5bcded6,http://dc.crsorgi.gov.in.verifyy.in/crs/assets.zip,,recorded
2026/202606/dh00566nnvh04.cloudfront.net (siteadmin.rar)/siteadmin.rar,23384472,c054de80e4cf8108d73e6368e1138f85f11f5d3f,94acdd5d0c48315af0c2bb205736190cab86abb89eb2689e9374a5cc07ff850a,https://dh00566nnvh04.cloudfront.net/siteadmin/siteadmin.rar,,recorded
2026/202606/dh00566nnvh04.cloudfront.net (siteadmin.zip)/siteadmin.zip,12290,25eac81662dfc33a419e8d9b590fc06011d88460,1598376370b8fcaace393c0b22db31a808c21471710411447ba715281c7d5891,https://dh00566nnvh04.cloudfront.net/siteadmin/siteadmin.zip,,recorded
2026/202606/espin-asociados.com (mycss.zip)/mycss.zip,4750024,1f8ab5999baee356a830478629883de59855e996,8f44c7dd7a3760d233bf6f26325aa9e4fb6e7b53c8d3b6a13b5c22e226d842a4,https://espin-asociados.com/wp-admin/mycss.zip,,recorded
2026/202606/fabkwads.club (static.zip)/static.zip,1071569,6aa1b66fe34fd9e49abf68be8acf7355b31dbdf7,a9401716098caf0ffcf87a7f8aebceff13458a083fc46e890173a13406a42250,https://fabkwads.club/h5/static.zip,,recorded
2026/202606/facturatie-odido.sbs (admin.tgz)/admin.tgz,9808092,df0f7c6c8efb7311bc0eb978e4a27827c16d032a,68e28153110c3ee4b9108b51a14b9c98b639eb4345a8c7ed8946107404b4b449,https://facturatie-odido.sbs/admin.tgz,,recorded
2026/202606/facturatie-odido.sbs (odido.tgz)/odido.tgz,1555620,f0bc09212f29f614a21779bdfc8d0e58a7d4d024,f0499f84ea9aeaac0d517b5fc267ddcbb03273e52ce251ada0aaa0408e9fe087,https://facturatie-odido.sbs/odido.tgz,,recorded
2026/202606/facturatie-odido.sbs (odido.zip)/odido.zip,8365,9d9151e746954c68934c8dac16440e7c377b9315,db075462d8189a839584bf19a9fdf7d2bdb024a41795aa149fd05b7d9d45e73b,https://facturatie-odido.sbs/odido.zip,,recorded
2026/202606/gitlab.com (Welcomeinvitation_2026Event.zip)/Welcomeinvitation_2026Event.zip,9777466,1922dc495a80223da4946fe965e2ebebd2484e0f,ef583dbecefa6cc7a38c1d3adb0f26f98e5a966020fda6891dd834af21302dcc,https://gitlab.com/ashley.yeliinek/metodseu/-/raw/main/Welcomeinvitation_2026Event.zip,,recorded
2026/202606/glowshiya.com (glowshiya.zip)/glowshiya.zip,93658364,710e815690f7fcd5914a1a565edd7a87e86f6d57,a9524db396663bf1d63b27ce2480e74407ae1746e9c33bea298bd82067d95454,https://glowshiya.com/glowshiya.zip,,recorded
2026/202606/gurl.pro (gurl.zip)/gurl.zip,3138885,2b93480a6bb5ff00cdc9204273862ed52d7b96de,f52ae9d742329a91ebdec7db7c855f45a6949398421bb48ffdafa6016da0c6b1,https://gurl.pro/gurl.zip,,recorded
2026/202606/hawkfs.icu (pr.zip)/pr.zip,1126379,ba182ed07121882ad8c178122b9b205b06293b2a,0d61ab708ddf64de9d8ac21917ef6a9b3a9487f256d8fe76f9b585847425ec13,http://hawkfs.icu/snx/pr.zip,,recorded
2026/202606/hilfezentrum-benutzer-info.serveousercontent.com (DE.zip)/DE.zip,392336,1d5b63e70765fe57f78a22f503223e32092e12fc,48e4f0f6e3234b91f496c9c82aec13f14a7900db84e1a3250b726f462fcfeda8,https://hilfezentrum-benutzer-info.serveousercontent.com/DE.zip,,recorded
2026/202606/hostingoo.sviluppo.host (ss.zip)/ss.zip,16364174,87cc49b63669029f8c5eb20019e876c61f5e3c26,2003a1933f3cba37e242ed60d73dabe909e4b483751b8bf1a06779437bad05ef,https://hostingoo.sviluppo.host/ss.zip,,recorded
2026/202606/italy-news.info (Request%20by%20Matt%20Hamilton.zip)/Request%20by%20Matt%20Hamilton.zip,6771,e61a0423e7467d4e5ada463313c31c444dc82ec0,16260fd8dce0324193df77704df050aa709129611454a8fd066bdca0c68b6bcd,http://italy-news.info/home/Request%20by%20Matt%20Hamilton.zip,,recorded
2026/202606/italy-news.info (Request%20by%20Vera%20Miro.zip)/Request%20by%20Vera%20Miro.zip,6763,d494467c8bdae3ee4f53152ba73ad66a8a18eb22,b0a60835b262e38632d570258163a099554d890404658dff45dc55215bc4460e,http://italy-news.info/home/Request%20by%20Vera%20Miro.zip,,recorded
2026/202606/italy-news.info (Review_and_Approve_document.zip)/Review_and_Approve_document.zip,7811,eaadf19ee8dc64535ff78a364103f0f95fa0dae9,33351df6afff24f2090af4144a0f64b2cc3b225fd6bbc663ec68ab31cc759019,http://italy-news.info/home/Review_and_Approve_document.zip,,recorded
2026/202606/italy-news.info (jj.zip)/jj.zip,10756364,fa874ad517a9bbe7dd632aa8deef26cd9535916f,ee5be9d28f9e334a0d33fd782387fca38c157eb77b6ad040143d7d25fba15d70,http://italy-news.info/home/jj.zip,,recorded
2026/202606/italy-news.info (shim.zip)/shim.zip,7355,25e1f1b3b7da8de3db70140ba8c550ce80f7825a,7a7eae6db313193263344fc2859bf7e0dd7da6f157573841e6b49f41bb30da82,http://italy-news.info/home/shim.zip,,recorded
2026/202606/jbcarnedesol.com (wp-includes.zip)/wp-includes.zip,12817467,f3ba1c7b915b388083b5b1c206e6b313c33f5174,8cebee7f3dcff15a84ed4bacc962e97544ff143bb9bf58ef4e8ef198b6755735,https://jbcarnedesol.com/wp-includes.zip,,recorded
2026/202606/jbcarnedesol.com (xned26.zip)/xned26.zip,4857478,218aee4b12685de92691d50a1f59a83d8aec1f03,139e529b81d14804b725090aaf300b318a113197795143a14888b8d0db8d26f9,https://jbcarnedesol.com/wp-includes/images/xned26.zip,,recorded
2026/202606/knowledgeable.edu.sa (admin.zip)/admin.zip,53961306,c2c049aaf90edfb5afced5ceb169a52281514118,a64acc88c05655762760f5fbbff1d478f55ed85d48147f30af56b06002966f0a,https://knowledgeable.edu.sa/admin.zip,,recorded
2026/202606/lochjewelry.com (rcl.zip)/rcl.zip,93338,ea09c5b38164e3410ee2442f32c91114c950a347,e35affd92311cc69bd0f838091e000ecc0e08e9bfbb4e1b152a10d5f915fdfdb,https://lochjewelry.com/mp/rcl.zip,,recorded
2026/202606/m.amshopoo.com (mobile.zip)/mobile.zip,6748096,6f26e6da6e6e72de15ea867845b92be823a2ae51,157b32e7ddd29858b2578cc48183546e75152855168101a54803ad62e6d882b2,http://m.amshopoo.com/mobile.zip,,recorded
2026/202606/makeredto.org (hard_88390993993.zip)/hard_88390993993.zip,744462,2de068558c743b11d36c0d6fa79f1e5adafa6d6d,d8863aefe8069f9bc255fc25ef9e2346e167aa67408503a23c1cf30c2972f914,https://makeredto.org/wp-content/themes/help/hard_88390993993.zip,,recorded
2026/202606/maxtobit.com (admin.zip)/admin.zip,4579163,f393ab0c1fdcc730663abb4b8f58dea444795d7d,feda06e3ac722c99af8f93c9a37e7db38a56fc2d119367b9ed97836b53acbcfb,https://maxtobit.com/admin.zip,,recorded
2026/202606/maxtobit.com (root.zip)/root.zip,67187320,55426953c18df07d41e1cb875d9cb4402f2ec505,0e582fe401ff73ebc2757926c175342cc0d8a39ee819af4317539e4f3db06c9a,https://maxtobit.com/root.zip,,recorded
2026/202606/mckinseyandcompany.uk (page_files.zip)/page_files.zip,116287,a5d852d3d3521423afe89b60af25f336aefbbb57,8ead559d7c7279c023d6b8a283d06d2554ac6a1fef3cb336cfccb9bfb47409ba,https://mckinseyandcompany.uk/mymts/mtsmail/page_files.zip,,recorded
2026/202606/mexmnbgjh.com (static.zip)/static.zip,796615,6220a07752db61d736ac55dc1051634ac10fe66e,d59c402a04911c377c1266b7f981fbb9a319272a96e1f863362df89a8bd87b51,https://mexmnbgjh.com/static/static.zip,,recorded
2026/202606/moises.cl (lsl%20(4).zip)/lsl%20(4).zip,911436,f08be5040ffaeee9a0262e0586472bf3475e879c,67248e9d4382ddd252f7e5bc9da729ae3b14596d05f14a5f2673ebc81bfe56d1,https://moises.cl/lsl%20(4).zip,,recorded
2026/202606/nationwidelicensingsystem.docmechdel.sbs (d0cs.zip)/d0cs.zip,49627915,b9b5072c6cacbf56c474b3b9fd624376ecacb9fe,d202fc0445cbf20d608db566af0d12d9568520926a8a5670d2958281af34cecc,https://nationwidelicensingsystem.docmechdel.sbs/d0cs.zip,,recorded
2026/202606/newportcontemporaryart.com (en_ZoomInstaller_ModuleExt.zip)/en_ZoomInstaller_ModuleExt.zip,2081,023fe4849c24238202690842c6aa02983367191f,2523abd13ce9241603c703a815a6ed9e7e2f2afdc054f8417a2db6e40a916daf,https://newportcontemporaryart.com/en_ZoomInstaller_ModuleExt.zip,,recorded
2026/202606/occidentes.web-colombia.org (occidente.rar)/occidente.rar,3489475,a4cb7451a9d98d96e1204555907f9ed6957187de,acdb7f9661d927954abb75903a8d17a220b21d304a16e5b1559b8c00f17429b9,https://occidentes.web-colombia.org/occidente.rar,,recorded
2026/202606/oki.jtu.mybluehost.me (fonts.zip)/fonts.zip,1116513,0c0975ed8d8e3ed253600dd1790f14c5bee2ef69,7220544afa4195c3d654b0d83f0ace6ed1fb17812195045590832ddd66cb2b7a,https://oki.jtu.mybluehost.me/wp-includes/fonts.zip,,recorded
2026/202606/os.techto.com.br (public_html.zip)/public_html.zip,56011998,23e79b95c3cf4479021b9246b41d4217fa16feeb,2851001129e6e71133a9351e6a10b84c4bc9e36be032d979dc3b9d14e07b314a,http://os.techto.com.br/public_html.zip,,recorded
2026/202606/psychiatria-kalisz.pl (DKB_new.zip)/DKB_new.zip,243783,449f8552eaf950d0fe87eeac228983e2e66fac84,ebcc77ce1ddd1ac022c824b7a1f03c694b5d988f63e87ffa22f4cf3c5e10ea83,https://psychiatria-kalisz.pl/wp-content/languages/DKB_new.zip,,recorded
2026/202606/pub-39d6d02a847540d9bc106700b94cb04d.r2.dev (eDocSign_B7WFK5.zip)/eDocSign_B7WFK5.zip,473,64fcebe362ed605af58c3aad101492513faa6cb2,799ac2f54fd9417039cb33a39713929db828f94bd7be4ee9468fa9a505f9f9bc,https://pub-39d6d02a847540d9bc106700b94cb04d.r2.dev/eDocSign_B7WFK5.zip,,recorded
2026/202606/pub-3db002bd54bb45698c68332afaac96a0.r2.dev (E-sign-B4WQ9H.zip)/E-sign-B4WQ9H.zip,349,27eeb81c4d901c632a92e6fb42b47f10da059024,518b98b08f250b31f26d479bd69815831b70422017dfba711ab9a7c50064b383,https://pub-3db002bd54bb45698c68332afaac96a0.r2.dev/E-sign-B4WQ9H.zip,,recorded
2026/202606/pub-7ca279d6f40848f5a017b1a52061dad6.r2.dev (eDocSign-MAI31MSDSUE.zip)/eDocSign-MAI31MSDSUE.zip,563,a895924eed7e15d89afe8e6d26d2f41d7c810594,456678e0048cecfc43287da0dd931d76a2dbb0567329f808ea8265648aefed53,https://pub-7ca279d6f40848f5a017b1a52061dad6.r2.dev/eDocSign-MAI31MSDSUE.zip,,recorded
2026/202606/pub-ebe1cb35c6ae4e9e8efece8df130d5f1.r2.dev (E-DocuSign.rar)/E-DocuSign.rar,276,23775548ce312088611492fe6796adaaa48bb568,07ea40d465ceca90f79f3739cfc8f6843a11e541e3145b8784fab4d3f49a556f,https://pub-ebe1cb35c6ae4e9e8efece8df130d5f1.r2.dev/E-DocuSign.rar,,recorded
2026/202606/rafikhaririuniversity.org (SVW_Fabrication.zip)/SVW_Fabrication.zip,572,6025b067ced23dccfd431fa179c90380a14275a8,dd67c8d5c342f7f62c9d7727d09432b35bec2a3ea0a25da8c5e7a39c3dff573d,https://rafikhaririuniversity.org/SVW_Fabrication/SVW_Fabrication.zip,,recorded
2026/202606/rmbnagpur.com (ncr.zip)/ncr.zip,211010,fee98856582cbb6945b7e613965ca524e61bb9c6,259f53b5cdde13d48d0a58dd720b2e3f589d2b528233879233def11cf476fe85,https://rmbnagpur.com/ncr/ncr.zip,,recorded
2026/202606/s1206290.ha021.t.mydomain.zone (spotify.zip)/spotify.zip,301957,98c91119558f2a46dfcc0e1248ca266c3690ec3b,674579468341868f588ccc256367d43e58914a7a3a0adcff7dd03f042480f06d,https://s1206290.ha021.t.mydomain.zone/spotify.zip,,recorded
2026/202606/s1211964.ha023.t.mydomain.zone (mycsss.zip)/mycsss.zip,4411742,625a6ebddfda943b61f54114199944215d37dcf6,f3de41d5c2824177a0b5a3ae570ad0be2f6ac650674d4c9c6234b26c8c9bda28,https://s1211964.ha023.t.mydomain.zone/mycsss.zip,,recorded
2026/202606/samiksha.com.sg (zoom.zip)/zoom.zip,43326671,2cfffe1761add82202895cdb9d291b8028559dff,a4aa4617ab9d620132e16912c58be686aa5a4cfbc84ee4e2eed0e651230890f2,https://samiksha.com.sg/data/zoom.zip,,recorded
2026/202606/sh-cp8.lax2.servername.online (home.zip)/home.zip,8998656,1466144a44022fbd6084cd562faac0cf11b9fa0e,df559c6f6766c2b67441d3ea6f12f245f654cc4aea98452819f28e8746750f0a,http://sh-cp8.lax2.servername.online/~saigo4/wp-admin/home.zip,,recorded
2026/202606/smartactionflow.com (oop.zip)/oop.zip,2732871,57ece552b24c440dab310317d0a7872bd0e14a33,311e1219ed08f811c69a9ad7cc5ca85a79e80d526761673dceb6e6be680e68ac,https://smartactionflow.com/oop.zip,,recorded
2026/202606/so-jp.xyz (lolipop.zip)/lolipop.zip,15032,074b0976ba25cdb34f0b4237541a25a68abb0949,fa2b5b991707470a9d317cc89da14dc0be5e2dd4b312b62318029013ba315870,https://so-jp.xyz/Lolipop-jp-lolipop-ne-jp-webmail/lolipop.zip,,recorded
2026/202606/springboardpools.com (McCarthy_Holdings_Inc.zip)/McCarthy_Holdings_Inc.zip,619,c1cec41fb8ac9c3c4fe45d17290b08166e408c2b,f730cb110859548dbbf56d6cb23e512a2ff7a08bd3ed2bed110168533073e86f,http://springboardpools.com/wp-content/McCarthy_Holdings_Inc/McCarthy_Holdings_Inc.zip,,recorded
2026/202606/taxasnovas.sbs (2.zip)/2.zip,25160814,d185e8030cf8ab70ea754f87a6e5739e99cdc1b9,2726fa74dd09e3d2ac1d4b28976a1cde8552e9ecc8c53271bcac123b9a8a7104,https://taxasnovas.sbs/2.zip,,recorded
2026/202606/tetracm.com (tetrastyle.zip)/tetrastyle.zip,11570052,d6985ad0ac808637df52a6ec4c3e36645c411245,3ca21c404774b9f7041e98d57279bafa1fc9ac4a3b2b2a16df8448bb60560737,https://tetracm.com/tetrastyle.zip,,recorded
2026/202606/tiktok.shop599.com (h5.zip)/h5.zip,2897307,6ee2b55527ee856c92d723a9ba32ac3400c317ff,1ddefe5663bd12e5329059ade7462a679fc54b23bd12c172fdbbc79d060ef204,https://tiktok.shop599.com/h5/h5.zip,,recorded
2026/202606/tkshop.club (h5.zip)/h5.zip,2927250,d0017ce56a04bcaf076bc23d407bbd29f0ba7277,5fe4ce17a4d9879aeb023d51fdd79d9de845548ecb5efc92597da458dda262f8,https://tkshop.club/h5.zip,,recorded
2026/202606/turmanto.icu (mycss.zip)/mycss.zip,4682797,32ebf6e2cd48e7db887f0be6af8f80ac483866f4,7844445d37eadf666d60eb58d98f0643dc8cb16071c388607b033ceae98289a9,https://turmanto.icu/mycss.zip,,recorded
2026/202606/usz00mczyiee.store (Zm22882.zip)/Zm22882.zip,91633103,f9020a791c36894ede69744bf3c9fce4e8dad724,586622e8d87650d38c16ba3b63c8906c2f9f771f55508ea64dbb7002262d9676,https://usz00mczyiee.store/Zm22882.zip,,recorded
2026/202606/venomhawk.cloud (teams.zip)/teams.zip,6364350,55ad6ba3386914a9bd8e80b25a21cfb8f52a497a,0377c2cfa54f1f4874fc16d1fae755e85af2820699f1e28fdf6ce527d43e710e,https://venomhawk.cloud/teams.zip,,recorded
2026/202606/volmyactive.shop (h5.zip)/h5.zip,1387721,cb08d3278a4690f8c6529ecb290009ab7198cea6,0268536570fd832f5a8604061a482081757e4c1f1bad466e16a93f2bb6fee401,https://volmyactive.shop/h5.zip,,recorded
2026/202606/waddyworks.com (wp-content.zip)/wp-content.zip,13331659,3ae3a567f6f1b99dc83636b91bd339fc1ac9e8db,a69c2608500411698aa99f8f159ffe976892fea419883553c5377496988279f3,https://waddyworks.com/wp-content.zip,,recorded
2026/202606/wanko-base.com (Aeroplan.zip)/Aeroplan.zip,2136983,c872f723172792a9fffd71ffca56d81f9a20f697,cae3de7c27c4b23eac2479c605fc6d4644d82790a3427110c37d8470ef8add5a,https://wanko-base.com/Aeroplan.zip,,recorded
2026/202606/winsuncorporate.co.in (public_html.zip)/public_html.zip,21470819,f6e4c338f717727d7e6c87827a34cbc864ebcabc,acde15d574f6d9f89610e582114d1f61a1a930197084d4f4e18332bee7b26ea6,https://winsuncorporate.co.in/public_html.zip,,recorded
2026/202606/winsuncorporate.co.in (xzeb.zip)/xzeb.zip,7151402,010772697287cdc93334f9bd92bec8d2c4e6c8f7,f0485e39f0d6b4f589e64e05944b6148a35973e6ea6c96598d06cde7e39f531e,https://winsuncorporate.co.in/xzeb.zip,,recorded
2026/202606/www.askmeforsure.info (person_invite_Card.zip)/person_invite_Card.zip,1315,10acbf6c737d6fb687cff82f14a2983ffa349c71,bd9125fa35c68bd434ef600c0f80ca9b3e668035706a445575eab0ef34454d44,http://www.askmeforsure.info/person_invite_Card.zip,,recorded
2026/202606/www.edmundlbc.com (servcio.zip)/servcio.zip,1323746,ef7b85ab76b76e7241fe2a85c74c1701fb49cd4d,ce2a96598739cd31dbe6861c3a146d6dbbff990613d1242e5a035043c923298f,http://www.edmundlbc.com/softwobe/servcio.zip,,recorded
2026/202606/www.evitefriends.one (adobe_2026edition.zip)/adobe_2026edition.zip,9987005,07aefd0df7a542c2b566c43cda1e36f82b656539,5db01c6671f3bad3f4cd864fb51ff98550a883512eb5f62db036e0f9db839d9b,http://www.evitefriends.one/ad/adobe_2026edition.zip,,recorded
2026/202606/www.evitefriends.one (i.zip)/i.zip,12435,c4191e2cef31b61a47a7731a74ba1793183153f5,d40eb86df6f3525c37db716f034edb04776355a40013d6c80162c41ce8c99053,http://www.evitefriends.one/i.zip,,recorded
2026/202606/www.evitefriends.one (ni.zip)/ni.zip,9773646,546788e3a80a7ba6fd4259e55e46d4c981f3f59c,5fea3015a0d9e2caab00250c1f464c17c0e728af88d6515bf325cc3bd8aa4c41,http://www.evitefriends.one/ni.zip,,recorded
2026/202606/www.getnewaccount.atk3.com (e0341dab7619da163adf938cf2d162c9.zip)/e0341dab7619da163adf938cf2d162c9.zip,323037,ffbecee27515a0b7b153bce0cf0f10048ea0a8d3,63eecb83f8c30502dbb1d729dd4b7cc044c9d8ef3d2cbe24346965e864ef05f4,http://www.getnewaccount.atk3.com/e0341dab7619da163adf938cf2d162c9.zip,,recorded
2026/202606/www.leedsmela.co.uk (Secured-Document.zip)/Secured-Document.zip,1042947,8ab7f0748c90a0b700ee13fdd2b4dda0d9b1a1ab,ad4ca1367e69cb0d159d7f74b73969380534af0e4d7ed1169936a3140c74fc29,http://www.leedsmela.co.uk/Secured-Document.zip,,recorded
2026/202606/www.logodesiqn.com (Orange.zip)/Orange.zip,1738837,162e46c3a5bac87e13befab3b8b5143c7af8dab8,3f22ab5085c127ef4dd9d02d31cbd846fe84cc75174a5764b6b598bde128c4e1,http://www.logodesiqn.com/z/Orange.zip,,recorded
2026/202606/www.shpemmafr.net (site.rar)/site.rar,5841550,623cde154d654d95e4b5776fe79213a7f00da514,59b604f84e013317ae8cdd6c21394ea338197384b6d708886416e5ccb83aa1ea,https://www.shpemmafr.net/static/site.rar,,recorded
2026/202606/www.visaxpert.org (Evento_Plus.zip)/Evento_Plus.zip,545,199f0e307c38ac966d0b521c036f931ee1db3011,910673000cb87544b7a68121a008c4bda44f9250d1f07e589b1c553b1a16c0a1,http://www.visaxpert.org/wp-content/Evento_Plus/Evento_Plus.zip,,recorded
2026/202606/www.web-oulugames.com (static.zip)/static.zip,44386665,0379984fa4226886d336740804e257bbc639565d,96ebd75cb9c39985dbb496170cc669d568309d3748be352af6d8b8907473574a,http://www.web-oulugames.com/static.zip,,recorded
2026/202607/5300samhouston.com (Xfinity.zip)/Xfinity.zip,2096120,a52825bc137226acaef0c23fc193ddb6d9036330,1d2e65ffc1aac013e86a0e079200d98f43015dd8d0cf555e204f6bca80f54c80,https://5300samhouston.com/Xfinity.zip,,recorded
2026/202607/78yughi.servemp3.com (SCAM.zip)/SCAM.zip,13083158,987d25b76c2ce71d9c60f6d25231af973c564361,1b50b15539b9f4364c55af7c6d6f9a15aecad49e4694763fc5bc9799bb0f50bf,http://78yughi.servemp3.com/SCAM.zip,,recorded
2026/202607/956848.com (js.rar)/js.rar,296442,0bf4c6e3a3c6f51ac74bf5df03ebb28276765264,f8f5f369032db76b53546da413eab045c94c2901556573eeeba646a3cffc1fee,http://956848.com/upowhtml/cn/resources/js.rar,,recorded
2026/202607/agfgpyc.com (docsz42.zip)/docsz42.zip,37373943,4673e2a45005d140a599f09e017e2bf8adeca8e3,31f749b83fdf2623232dfd438b2e8dcf7aa3d98e0d24d55af1888627d5209cbe,https://agfgpyc.com/docsz42.zip,,inferred
2026/202607/alhafiztraders.com (imsbiz.zip)/imsbiz.zip,683923,2a8c4156329e9395f90181151c8ae46c74fcf0e4,a97b42ea5346e1700661c25b8035a75b92f974266a9a077b4c3a601f9f79006a,https://alhafiztraders.com/hkt/imsbiz.zip,,recorded
2026/202607/alzhun.com (Tax documents.zip)/Tax documents.zip,8935326,f14619846b9f04e5942a0c6ee89143e108ba0ec7,b6fa5fc2b8d27b246ff0cc37447d5ea596693c97911a755fff82f5451bac5f7b,https://alzhun.com/Tax documents.zip,,recorded
2026/202607/alzhun.com (hfnjkJ.zip)/hfnjkJ.zip,4667746,776129195513208b7800d7515372e28c271dc107,f2ab75f936c89b0d1fbc29f083bf4ad56c313d9b53bbdac128578b186ae43311,https://alzhun.com/hfnjkJ.zip,,recorded
2026/202607/azais.de-preville.fr (GENERAL.zip)/GENERAL.zip,30450666,3fc8513d766e7d10d299a8255d387d8432230b67,d7c2f3141b045a555cdd53cfbbcd52ff00810e7b9509da354a9f5c9a4295be2c,http://azais.de-preville.fr/wp-includes/rest-api/touykz1/zuvogbj/tyxwphv/invite/GENERAL.zip,,recorded
2026/202607/baccredomaticc.sbs (index_files.zip)/index_files.zip,4031274,7cdb7ec44a98e4f75370c1531938bdc269579ef0,3d4de667fe6fec3cf64cd5121870610307e2d6cb321ad032a1a77664df26fe11,https://baccredomaticc.sbs/index_files.zip,,recorded
2026/202607/balconyresidences.com.br (A64ybzU6h2ndxvVzRdE0wrhclick.zip)/A64ybzU6h2ndxvVzRdE0wrhclick.zip,213852,4d1f98702066bdaf97fde02348b782e41fc19335,6ec4434aa46e941e2ca67a0a656d5d7dfd4738d798c8a888a2f3b2b75d14b9d4,https://balconyresidences.com.br/A64ybzU6h2ndxvVzRdE0wrhclick.zip,,recorded
2026/202607/bz.jemuyba.net (page.zip)/page.zip,3703,47a6b0d66a0ca84c36433f2fc0422a81acf4a937,59dbe0a38ed78b06f298f4570a6d9eb3dd70fc3c7e0244d81fce2a8b6647dc1b,http://bz.jemuyba.net/kkddf/page.zip,,recorded
2026/202607/cakra365.com (ssl.zip)/ssl.zip,11903,1474030d6c078d7216a3dae46117bc13f2034d07,ccf8b4460f461886738f547c8e9561462e96be0db13578c6d0105dc69265b844,https://cakra365.com/wp-includes/Text/egdcqbi/mgvdpzt/1wvitsj/ssl.zip,,recorded
2026/202607/cosmodafaby.vip (xinfini.zip)/xinfini.zip,213083,5f10a8fa4efc78dca95e0dd8decc2740c8fba71a,de9611b0c9265419b0c56fa54051aac201848dd5a240f4e7ba5a8e4b2dc2bfa2,https://cosmodafaby.vip/xinfini.zip,,recorded
2026/202607/costavalley.com.br (DOCUSsign.zip)/DOCUSsign.zip,338983,708afb323f0a9ab7feeadbf4cf426e816c722afd,e5926b932d704e491a51cc49df746118c859eb4aa9e8a14e67e804ed9d3a5ca3,https://costavalley.com.br/viewDocument/DOCUSsign.zip,,recorded
2026/202607/crsoargi.com (auth.zip)/auth.zip,91254326,f5e07cd128d3262f57a8a1b29f1cd468ae909537,910c20a8d71c71d81464010b35387b407363ca73fb27467cb201f96a50cf0006,http://crsoargi.com/auth.zip,,recorded
2026/202607/dexmetal.hu (open_documents_pdf.zip)/open_documents_pdf.zip,59515659,7b9bf9b267c0dcd0b5e02b4ab0c9a5c2fb16d5ed,2a463e8a56fb80eddf5353c308a2a3fdf66b29cf54cc41ce6216eda2e678b0f6,http://dexmetal.hu/wordpress/pdfdocument/open_documents_pdf.zip,,recorded
2026/202607/dynnhost.com (dn.zip)/dn.zip,6208581,d97183e7313c2682b6cb43c00148e6d3bcb70029,e6e42f29c3ab5a8e6d5be1ce611940c0d4eb88424339985e66b2c02e2b4113b5,https://dynnhost.com/dn.zip,,recorded
2026/202607/ectreatment.com (images.zip)/images.zip,101790,c12afa80d3fa967f274eaaeffc0c3263305d2eec,bd129846011d0fd9a3316568de6237b96d938b397b6ef3ec9196f06d591966b9,https://ectreatment.com/images.zip,,recorded
2026/202607/ezjvqpj.com (BALIZ%20(2).zip)/BALIZ%20(2).zip,38359102,88de3417cbde19d20f929af0aa4f84daa0dd16cf,bbb3e8bef371224ecb87ee04531f9cdaba975ec3bf4b5093c38d4d942f03d996,https://ezjvqpj.com/doc/BALIZ%20(2).zip,,recorded
2026/202607/files.catbox.moe (002is4.zip)/002is4.zip,15681222,262cd77ed5e4011eb9ab6d8354f1411829197758,6af8140401149c9ad07a103c0b434ef8718ca79a6c2aa77ef31b7b6994dc5e9b,https://files.catbox.moe/002is4.zip,,recorded
2026/202607/flipkart-office.pro (loadz.zip)/loadz.zip,492100,6a1ed52244c5a285f156f6061dd61e690f5d7044,7a8dcf4e2fd067fb3d155c088e79f49fb39ee71649ae0e03627eddf3da7e4739,https://flipkart-office.pro/.well-known/acme-challenge/loadz.zip,,recorded
2026/202607/girope.hu (open_documents_pdf.zip)/open_documents_pdf.zip,59964462,a10d9b28dacbf083bbd04c5d423d575aaeeab641,834200c16b644d50724c6837a764b0bb6d1019a2dc06700b3748f7a7efbe0fc4,https://girope.hu/tm1/open_documents_pdf.zip,,recorded
2026/202607/gmx.rfq-componentportal.com (gmxfr.zip)/gmxfr.zip,27683,714fdaaeebe42fa7d40aca0ebeb3590dd23a0223,2c7232917b69fca0b5d90845c3f66f7309e3a903d52d46fbd73a685967175ad0,https://gmx.rfq-componentportal.com/gmxfr.zip,,recorded
2026/202607/guiaemfoco.com.br (xinfinifix.zip)/xinfinifix.zip,212055,d01a7df0c0a603b9794eaaf1394f764185417bd0,43d53dca8255ec96e61282769fc2447306749b8d0ab79b49fdd2802b3416e72e,http://guiaemfoco.com.br/xinfinifix.zip,,recorded
2026/202607/icloud-myaccount.com (csf.tgz)/csf.tgz,2288991,8ca1a1877dd1cf325a73ba79b4d5a03e4c9c616f,b24b285c4a04bb15a221514e1c46ea270079699c0d82e66e591ad5577d44a43b,https://icloud-myaccount.com/findmylphones.za.com/csf.tgz,,recorded
2026/202607/icloud-myaccount.com (iServerShortenerSINGLE-UPDATED2021%20(1).zip)/iServerShortenerSINGLE-UPDATED2021%20(1).zip,1542120,3c5d645228422a81050de5032459f397db92b32e,ddcb7c4e554f574584539ded4e32b7ba929108bfa1ce3d016242311be77cb387,https://icloud-myaccount.com/iServerShortenerSINGLE-UPDATED2021%20(1).zip,,recorded
2026/202607/l18inq1c8d4a6e23f9c5d1a7b0e4c8f6291.manukalena.com (l18inq1c8d4a6e23f9c5d1a7b0e4c8f6291.rar)/l18inq1c8d4a6e23f9c5d1a7b0e4c8f6291.rar,622583,87e4c326ae11423b2eadcaa9a6058930200a78a2,d08b560d9fc2d75e84ef2345f2359bebaf2d75d50c1576105fa3ac06c70e4e46,https://l18inq1c8d4a6e23f9c5d1a7b0e4c8f6291.manukalena.com/l18inq1c8d4a6e23f9c5d1a7b0e4c8f6291.rar,,recorded
2026/202607/limpahojeagora.shop (offer.zip)/offer.zip,2839286,529a65fb587fd55c67a416f7066845b83ab816dc,e1fbc05fdde299ee50f2c35e26da99df6586d31c9f05b5f65666218f93a0ae18,https://limpahojeagora.shop/offer.zip,,recorded
2026/202607/limpandoagora.shop (inicio.zip)/inicio.zip,40610,55baa50dc6d9e3de5467a0a7f7c50f71410452bf,2343eee9ef847fc18c8ff60f0eba299ce6ba5b4a15fcecc5e4e1758a9df3d023,https://limpandoagora.shop/inicio.zip,,recorded
2026/202607/logname.vip (assets.zip)/assets.zip,12627296,2fc69c60a0eb4f05919c3286420dae4f40c68d65,4a216ae51dfee4e18cedcbf7dd5f1717ef76d7049ee2d73288d998274270a8a2,https://logname.vip/assets.zip,,recorded
2026/202607/md.qihqob.com (ngx(2).zip)/ngx(2).zip,13676,bb9408abfdf97f6625fdda9f6c04c0edfd6a6b66,32a06b1f5c505d6c3181df0f85570550f86ca8323f8ff6d0e9b9c225b0803a55,https://md.qihqob.com/ngx(2).zip,,recorded
2026/202607/mhsdns.com (abd.zip)/abd.zip,148949,e724527efd191162311b854ca70d01c9f8546162,b8214d310e345a194d5d6639a9ea678632f1daf7ca46243a6b567880d644b349,http://mhsdns.com/abd.zip,,recorded
2026/202607/microsoft.team365.realtrade4.com (auth.zip)/auth.zip,101609,905eeb025b0289b28f1d1e89ba88c6c17dfa805d,c457a97d48c54cfe25876e69d0d1e4b3f192fbed1322632612ad3dfc6c18d34d,https://microsoft.team365.realtrade4.com/api/v3/auth/auth.zip,,recorded
2026/202607/momseafreshfish.com (pages.zip)/pages.zip,2593050,d9083bf44e1d8db5be040ecac04d8542bac3c20e,1131d81aee6020a87a82276ab08378cdb47ecd1a9b3852ddbae135fa23c232aa,https://momseafreshfish.com/cig-bins/pages.zip,,recorded
2026/202607/pagelpa.xin (d-h-l.zip)/d-h-l.zip,1582821,7286b7007606fa74877132abc2d3c9dc6012e417,10480e1a784b0bc2b23cba0e4ff43a10a0fccfd76d8b181d88d961d5b970aa7e,https://pagelpa.xin/d-h-l.zip,,recorded
2026/202607/posteitaliane-b2.servebeer.com (SCAM.zip)/SCAM.zip,5503003,f3be4e5b647ac93538120924ea22cef613bcfef4,29cf52303f986456a2eb291c326fc81aad5d8e8a09864846f8ce30deefbf5172,http://posteitaliane-b2.servebeer.com/SCAM.zip,,recorded
2026/202607/rberthelette.com (ftxberlin.zip)/ftxberlin.zip,148949,db3a97650c8e88db051a01125a91dcaa2a3c49fc,0ea407f423fbca24de531b491d853647ee2165ff48caa1ad2e1bdcc9a9be0e05,http://rberthelette.com/ftxberlin.zip,,recorded
2026/202607/reenvios.t.mydomain.zone (finalboss.zip)/finalboss.zip,1608484,85caa47bdb4f226972e73e5f19153ed66e257c86,9820bb4360b959d46d545851bbd5bd1c9e090a9eaeaa9f0a688c63e5af90b63c,https://reenvios.t.mydomain.zone/ferii/finalboss.zip,,recorded
2026/202607/resgateptspf.dynv6.net (1.zip)/1.zip,186229,53219bca0f0fdf05debbea35a8b6c2d6c3df2bb9,4e32bd153dc80a128d41d8fc4ba458265e0dba2d67ed13ab48108ceb6a867781,https://resgateptspf.dynv6.net/1/1.zip,,recorded
2026/202607/resgateptspf.dynv6.net (tela.zip)/tela.zip,25019753,11532c9ddcd3af617c4e02a4eb716563be2140a7,90c4fa97b97e20a1235a7b0a910ba51349299e038f49b7b1295a7920b23c262b,https://resgateptspf.dynv6.net/tela.zip,,recorded
2026/202607/rootsystemsbd.com (SharePointFileProposal.zip)/SharePointFileProposal.zip,606163,162da9263733582965b3aee50a24e585ba7fd38a,074b68bc212642481461a6ad93d40b1560e702be2dd7f04b701b8c98f01468b9,https://rootsystemsbd.com/SharePointFileProposal.zip,,recorded
2026/202607/shapeuclinic.in (Sign-in.zip)/Sign-in.zip,743287,c4878600291c634301c6c4d02d33695552a797e4,9cbf88a0705f60df15ba86fb9ea249f06718ee7a28f533670b0ef1d90702e912,https://shapeuclinic.in/myGov/au/Sign-in.zip,,recorded
2026/202607/singlepolnt-usdank.icu (assets.zip)/assets.zip,204979,d7248a87aba4c0dea0acfba0693833b98506d70b,ac2cb55f78afb450a9201280ec811a90fc4a9324c5fd55ef2cb352af1706ae18,https://singlepolnt-usdank.icu/assets.zip,,recorded
2026/202607/telos.run (abon.zip)/abon.zip,2125,2bb6f9d3d09789c569f25327657801888d91bf17,e94f1df9d21efb349ce301abf6c64e2cc0c20ee8241bdccccc41e0ef8da856ce,https://telos.run/emailsend.telos.run/abon.zip,,recorded
2026/202607/telos.run (gebra.zip)/gebra.zip,7324,0e82eb7ab2b82cff0b3b93cf21fda6bda3fc5059,ea089b0115f53bf852e5a4a59f5b39d3eb32e0e00696d4f5aac64ee5a4970209,https://telos.run/csss/gebra.zip,,recorded
2026/202607/telos.run (linkedincorrection2.zip)/linkedincorrection2.zip,490742,25d60af4050f11f6ba865def7a9f23dfda19d6b4,0a2187e3d5f73843486c89e8b4c252afa22f25ebe81c78b96671bc114855b299,https://telos.run/wwww/linkedincorrection2.zip,,recorded
2026/202607/theearldavis.com (drive.google.com.zip)/drive.google.com.zip,22717056,d1c4bf1c4127f2e204fda29aaad00d06ca7d020f,a62ff72f82f42775645b75ced821f95ed62da695750e51628d84c4b0e6d17417,http://theearldavis.com/drive.google.com.zip,,recorded
2026/202607/ticxqjl.com (Teams%20(1).zip)/Teams%20(1).zip,2454256,1fb7db2ab9e9c0b8c272630835e19d91fa6e786e,49c4fbb4b78452907e368493804302785621caf58196192a27fc616d17ee895d,https://ticxqjl.com/TeamsA/Teams%20(1).zip,,recorded
2026/202607/tiktokhkg.cc (buyer.rar)/buyer.rar,25685579,1b3dfd9940781ca37a4e7db65168ec48439067e8,a75092e84bc77456fd2ec0a3f1a366f9ae1d53a576c68ae27b466f2485c22ed2,https://tiktokhkg.cc/buyer/buyer.rar,,recorded
2026/202607/tkshops.my (h5.zip)/h5.zip,2942402,3deb6c9dfd6b7861e4a3872eada1e43846be130c,0c5df861cf2168ce089a9dbb1e3259bcc24a8675100632d03a5c76802fd8b864,http://tkshops.my/h5.zip,,recorded
2026/202607/tlcketleap.com (Vagaro.zip)/Vagaro.zip,10613,51caed78dff0ea9393ccf54c688638fe2ec8a39f,8d06cc8445a69aad8735d9cf75ef826be682020c1cefc8ffaf598dc5371a8ccd,http://tlcketleap.com/Vagaro.zip,,recorded
2026/202607/trustwallet.com-two-factor-authentication06.ej.grsudq.com (strucvture%20-%20Sep%20T.zip)/strucvture%20-%20Sep%20T.zip,1508739,03eca938eaa0dd64a94e3eb02fc36e94b31a37c1,304c4c0f2e1bcb3d60847038906ad061d14d6fb80f59636acf3b75d0a12caa72,https://trustwallet.com-two-factor-authentication06.ej.grsudq.com/strucvture%20-%20Sep%20T.zip,,recorded
2026/202607/tv.utzcfz.net (info.zip)/info.zip,87895,edd45e301ddb507a5554e3cf01fc88ce44172af9,e93f73d8e37cd820d9192b3447a2d6c19703bb3b76d2c655aedacce2d27661d1,http://tv.utzcfz.net/info.zip,,recorded
2026/202607/whatsapp.vip-soso.ec.cc (whatsapp.zip)/whatsapp.zip,508086,2dd0931fb6b9bf79d3eab5dede7d34045b982ff7,200bac8b918c68113ab1ee520836b4edd7dc05392fb294b8180f3c5b2c836f5a,http://whatsapp.vip-soso.ec.cc/whatsapp.zip,,recorded
2026/202607/www.instructionalcoaching.us (Law_Office_of_Roxie_W_Cluck.zip)/Law_Office_of_Roxie_W_Cluck.zip,1210,6c6f2755a2ec1d3b542d851c6fc5fe7b3a89918c,be02eed124e85c7a39e90ae8818458447db8338ec5e96750e237c768cf671ffa,http://www.instructionalcoaching.us/wp-admin/Law_Office_of_Roxie_W_Cluck/Law_Office_of_Roxie_W_Cluck.zip,,recorded
2026/202607/www.kleinazee.com (js.zip)/js.zip,17109,b7d4c87747482373ea68e870596e765f7fb76ee2,bf595c506d9e40967adbc121f511518e41e20f507998aa626bd7546df4bb1af9,http://www.kleinazee.com/js.zip,,recorded
2026/202607/www.nabelschnuerchen.de (PPI.zip)/PPI.zip,36650,659bac69300ece0ffbaf79fd3805ce717a1b52e3,cd9b1a1f9e31061b5371e8985c4ccd81c84ebaa29aaba2ccedabaa42e4c5c8c3,https://www.nabelschnuerchen.de/PPI.zip,,recorded
2026/202607/www.nitol.life (adobe-exe.zip)/adobe-exe.zip,3437417,fba4656bc5b7a03b42bf0c5021c7077c6f740b01,2d1fbb277c64522175818a10c1793b175dcb62e59b18b564cd79e363c8712de9,http://www.nitol.life/money/adobe-exe.zip,,recorded
2026/202607/www.noelgreen.com (LINKEDIN.zip)/LINKEDIN.zip,159316,2363018584f9216c66f3c2fc70442289697644ea,3a465ebfc8d95ed147098030eccad4dac6f619f2a7457797a02a6e25194ba3d7,http://www.noelgreen.com/wp-includes/theme-compat/mnkv1hw/aymwfdl/bmxzvnk/aa/jan/LINKEDIN.zip,,recorded
2026/202607/www.postfix-dns.com (Postfix.zip)/Postfix.zip,4986696,04eb103370124e2047574b4115ab22c15cc72cda,fc75e41980561aeb9d55c609bb2cc852d803130cd6962c584915789f0c2ac507,https://www.postfix-dns.com/Postfix.zip,,recorded
2026/202607/www.soavico.vu (ref.zip)/ref.zip,385762,bd1f2144e086fd5afa499ec3ba9c64a4f5d07bed,3e6de6c578c97b486eb9441fbe6b936f497db123316d1e65919988e60dea57bc,http://www.soavico.vu/repp/ref.zip,,recorded
2026/202607/www.tiketok.cc (h5.zip)/h5.zip,2942401,3149f2f8a84b98bfb9f9424ea56a769b6493531b,792d6ce93254cb2d21d58e4a5efcb51960d2ee939b4a3253588a382ba565871a,http://www.tiketok.cc/h5.zip,,recorded
2026/202607/zedelivery.food (img.zip)/img.zip,69120,ee934e624f660dd8696d8e3c3d997f271e068e47,201a6fe3fdb8aa6982c39e90714f77626cca34fbeb6a1279a2df288b23c313c3,https://zedelivery.food/img/img.zip,,recorded
2026/202607/zsmartech.com (zsmartech.zip)/zsmartech.zip,69649389,dab67fdbf36622a4c758e1390c94556ceaf0dc86,1a5cbe48d10c096632a4a7f16b39de879e091e4142c2b0ce2d534a62015b2d26,https://zsmartech.com/zsmartech.zip,,recorded
2026/202608/836sp.com (h5.zip)/h5.zip,2875343,f2d6ddc2e4ce1a3bca3fbe596f10d68486094b7c,bb08b7ea506ed05066fcfc39e2d244959eec7e805cae4f8ead4fea5e46ac435e,https://836sp.com/h5/h5.zip,,recorded
2026/202608/cookiespace.hu (docusign.zip)/docusign.zip,2456359,b099e3fc94bc66c48fbe60fb22c15e79417d84b6,f2c45e9454407ae27945e735bcf343a82a1b8636675d413130825c4bf1f7f81d,https://cookiespace.hu/error/docusign.zip,,recorded
2026/202608/gateareis.vu (AZ-ULTIMATE-LINKEDIN.zip)/AZ-ULTIMATE-LINKEDIN.zip,313508,9d4dfa1d368b5d19e9f3ed94413980260f1064df,e9c4623b697ee76efbf9bd6d46fb244e4d6d1cd50287b496dfc7e19e494f160f,https://gateareis.vu/don/AZ-ULTIMATE-LINKEDIN.zip,,recorded
2026/202608/gdnw.miltoncattery4u.com (danpan.zip)/danpan.zip,2585505,9170904f68f283f5738682ea68f5477fd0a145b0,702562e0d00d31e591a53f69c94a3edd81ec6c8bde7678956e9e5cee46c30088,http://gdnw.miltoncattery4u.com/jameson/danpan.zip,,recorded
2026/202608/munimventures.com (sapo.pt.zip)/sapo.pt.zip,48262,51ebb5f6029144626d5d0dd68ce9e54708384d93,93f90a5a72ec621692b71da660f135bb285ddf787fe0bf6adebbcc4c54b8cfac,https://munimventures.com/sapo.pt.zip,,recorded
2026/202608/nieuwestep.nl (scl.swisscom-kundenservice.zip)/scl.swisscom-kundenservice.zip,619598,d871d87a31f419cd40b49bc389effb733e692a1b,16313492efc1ffd12e36cce852d76868db152b8a3fbd41b79f8c46935642fd01,https://nieuwestep.nl/scl.swisscom-kundenservice.zip,,recorded
2026/202608/panfilova2.msk.ru (earthm.zip)/earthm.zip,10736082,1b9d0005dff3ab6d8228724c3a6579bd334d5351,6fe12942c862cc0b9fab2108454d0398ffbbc002403d049b9489c93e78455179,https://panfilova2.msk.ru/earthm.zip,,recorded
2026/202608/redwinezoonma.12hp.ch (Netease.zip)/Netease.zip,834426,e552c295fde1c29de3b8da4ed6e3794752d1a128,f22cc9c2586f2ec622a40d5259692248fa6a6f5f39968bceeac9c2d2ea18e379,https://redwinezoonma.12hp.ch/wp-includes/theme-compat/dfr1mxl/vglorbt/dxvcagm/Netease/Netease.zip,,recorded
2026/202608/secure.oldschool.com-u.cz (AZROOM.zip)/AZROOM.zip,2615099,8fc24b81b169aeeac115c664a3682b8aaa8f0838,cbe6fa8c62ad061840033ef7c8c467ce6131c71d0bd06bacac393c6532aaf04f,https://secure.oldschool.com-u.cz/AZROOM.zip,,recorded
2026/202608/www.certsolution.org (itoo.zip)/itoo.zip,5767959,2ead0e2448a432fbb24c9442f156b7ced89c578f,cb18da58e650026feccf9d7a1bf320340cd6e3bb656b70c812cb03411330d95b,https://www.certsolution.org/uploads/ito/itoo.zip,,recorded
2026/202608/www.edocumens.icu (efile.zip)/efile.zip,209095,6a87706ce805fb388c0af4adbe96f9bf357b100e,767ae706bc4b8857e98de54714a1e757babf7516cb586446afe638e3abce5a68,http://www.edocumens.icu/efile.zip,,recorded
2026/202608/www.gpcconcrete.co.nz (tendd.zip)/tendd.zip,1167651,44e38ab205fcdb04905d032684227a2a038def97,6b3b88585833300d09d1f0ab82a84c0976435bb37e12e140c7c75a8c18cc2ae1,http://www.gpcconcrete.co.nz/tendd.zip,,recorded
2026/202608/www.sapporo-chugokugo.club (docusmnt.zip)/docusmnt.zip,54804,683b5817bcdddcba9f202d213041dad7989d6b93,f74a48e89f9d827b6f810c7913b0892ad71e1d5bc190f952bdcf4deef3c8d585,http://www.sapporo-chugokugo.club/draft/docusmnt.zip,,recorded
2026/202608/www.unclelar.net (chi.zip)/chi.zip,191019,027c551a9a6b55081c836823345e070b320e3453,178edfd5d2afe310bb1ce40781e3a25b65e3e01130d984d462b833ef0e029eb2,https://www.unclelar.net/wp-admin/user/chi.zip,,recorded
2026/202608/deluxxe.com.br (css.zip)/css.zip,3634,49c49073052576e812a3b34d445f1d7744668d16,fcfdf595aadbeee69331d321c1800ada6b15d42cf1e34125a4196fa86b652c9a,https://deluxxe.com.br/home/css.zip,,recorded
2026/202608/riveremprestimos.com (Fixed.zip)/Fixed.zip,20686,da7d4ceaebc64928ac29b83dfb293a4da57f253c,2e6eb5e932e920f179ebb85849c75a25eba4fcfba2c169c38ea53ef10f375b33,https://riveremprestimos.com/jp/Fixed.zip,,recorded
2026/202608/whatsapp.nurgulotomotiv.com.tr (build.zip)/build.zip,234279,f22642513a317f72663619260bc41b9344311c23,3458667c133e7fd091eb9c954178a2e1be335fc98b9dea26791b0b96e49ed47d,https://whatsapp.nurgulotomotiv.com.tr/build.zip,,recorded
2026/202608/essentialoilroots.com (sbcglobal.zip)/sbcglobal.zip,9167,0a39887a65538500508d822a2051d959d6840297,e3c7ccb069d2081e9be0087e098d1aa9fba03aec8c46665e250ee2d8591030b5,https://essentialoilroots.com/docs/sbcglobal.zip,,recorded
2026/202608/misilabario.cl (alibaba.zip)/alibaba.zip,28029,22b07d8a49ab1d95a48e0615554c3005e061b10e,13007e29dab969e5489fecd0dbcd843eb35d04848cb95e38bc851399fb3808f2,https://misilabario.cl/alibaba/alibaba.zip,,recorded
2026/202608/alliedmiddleeast.com (wp.zip)/wp.zip,206248,013582fb4b4a8b58ca8058b47d10b0ac917cf12d,fc11271255752e8c27a43a82bae2e3a76a0b6ed922e364a2bc0ec9a4646f43db,https://alliedmiddleeast.com/wp.zip,,recorded
2026/202608/rcb.cuj.temporary.site (bnlit.zip)/bnlit.zip,34313,5b7eac1d646e9606a34d6a426c6a583ea778051f,c6175248b4ab7b00cafa30e6aa155d3f4d88f5a05099c8781b8fc07cba02bbac,https://rcb.cuj.temporary.site/bnlit.zip,,recorded
2026/202608/www.kenhoward.com (ive24meet.zip)/ive24meet.zip,40139269,9d251e58ec1e26b2b1d57656602218823ce901c9,b8f6c4ccd36afb5b7f48cae27d7d905f66bb0e5f9ce13afcff331e6d523c9232,http://www.kenhoward.com/wp-incIudes/ive24meet.zip,,recorded
2026/202608/wrproducoes.com.br (assets.zip)/assets.zip,2763917,aba93d94701460256e0ee08648c552578c22b655,db44136adeb098fee62daa2a70d18df9f576c7609414dd54359936fcd62fc8b6,https://wrproducoes.com.br/wp-content/themes/wordpress-theme/assets.zip,,recorded
2026/202608/wrproducoes.com.br (wordpress-theme.zip)/wordpress-theme.zip,2948301,68e991b587a1fc539a299407dd5e2263c74efec6,c6c9f0bd0fde5031b9717527863f51d0bd0fd900d32b3dcf7fde01074230a980,https://wrproducoes.com.br/wp-content/themes/wordpress-theme.zip,,recorded
2026/202608/www.chennaionlinemarketing.com (AMEN.zip)/AMEN.zip,60214,000b2ee07be4d3df0d1636db9ac26c6ad494e6a8,561414fb3753a9f8a5231e4ba1908d8d247566a1e791045af9ba0016c428d0ac,https://www.chennaionlinemarketing.com/image/AMEN.zip,,recorded
2026/202608/done4you.tv (done4you.zip)/done4you.zip,13260,8a5c18e531939f535d14e2e7658320ebd3eb6cc5,a12c61d86a4ff1b8d33b0abee40b6a1d99b46c716c2dfad4355c13354c88f558,https://done4you.tv/done4you.zip,,recorded
2026/202608/jojolandings.com (Secure_document_file.zip)/Secure_document_file.zip,9557580,61ebcc2a15a7d1841fbd7e7715148825ca6968be,8a38333b5754e7e69c7b759d79426e02f80062190c7e102ae124946870ed167b,https://jojolandings.com/document/Secure_document_file.zip,,recorded
2026/202608/enelgia.club (static.rar)/static.rar,39933568,ec6c879124251791db502e0e4c33e26a038098e1,0886f0650422c72e4299e9366618faa1180570891de86fbcdb8b9c0da36bc7d0,https://enelgia.club/static.rar,,recorded
